"PERIODO","MES","DIA","accidentes_choque","estimaciones_choque","accidentes_atropello","estimaciones_atropello","accidentes_caida_ocupante","estimaciones_caida_ocupante","accidentes_volcamiento","estimaciones_volcamiento","accidentes_otro","estimaciones_otro"
2014,"1","7",68,69,12,11,12,8,3,3,15,13
2014,"1","8",47,69,8,11,20,10,1,3,9,13
2014,"1","9",62,67,15,11,9,11,4,3,4,13
2014,"1","10",85,72,12,12,9,11,1,3,14,11
2014,"1","11",58,65,10,12,20,9,3,3,14,10
2014,"1","12",52,41,8,10,8,9,2,2,9,9
2014,"1","13",75,75,16,10,15,12,5,4,18,12
2014,"1","14",69,79,8,11,13,10,3,3,18,13
2014,"1","15",81,76,24,12,8,10,3,4,12,13
2014,"1","16",76,74,15,12,17,12,3,3,15,13
2014,"1","17",91,83,15,14,6,11,0,0,13,13
2014,"1","18",72,71,14,13,12,10,3,3,16,11
2014,"1","19",47,44,7,12,10,8,1,3,13,10
2014,"1","20",93,79,7,11,17,11,3,4,10,13
2014,"1","21",77,84,15,14,11,11,3,3,16,13
2014,"1","22",102,80,11,11,8,11,7,3,17,13
2014,"1","23",76,80,19,11,7,10,0,0,18,13
2014,"1","24",91,86,11,11,10,11,1,3,9,13
2014,"1","25",73,74,10,14,6,9,0,0,22,11
2014,"1","26",34,45,17,10,15,8,3,3,26,11
2014,"1","27",102,81,23,12,8,12,5,3,17,14
2014,"1","28",88,84,22,12,9,10,7,4,18,14
2014,"1","29",78,81,7,13,13,10,2,4,6,15
2014,"1","30",64,77,10,13,10,10,2,4,29,13
2014,"1","31",104,84,21,12,11,10,0,0,16,14
2014,"2","1",85,81,17,16,14,10,2,3,19,13
2014,"2","2",34,51,13,13,13,9,3,3,11,12
2014,"2","3",92,88,16,12,11,13,0,0,20,16
2014,"2","4",81,92,14,12,10,11,0,0,18,16
2014,"2","5",81,88,17,12,12,11,5,3,15,16
2014,"2","6",93,86,16,13,15,12,6,4,23,16
2014,"2","7",95,96,18,14,11,11,4,3,19,16
2014,"2","8",75,82,9,15,6,10,5,3,9,13
2014,"2","9",44,50,14,11,16,8,3,3,11,12
2014,"2","10",114,89,12,12,21,13,2,4,21,15
2014,"2","11",89,98,14,14,7,13,3,4,15,15
2014,"2","12",92,92,17,11,9,11,2,4,22,15
2014,"2","13",117,90,13,11,18,12,9,4,29,17
2014,"2","14",81,106,9,13,5,11,2,4,25,17
2014,"2","15",80,86,17,13,15,10,4,4,10,15
2014,"2","16",52,52,14,11,8,9,0,0,16,13
2014,"2","17",90,92,10,12,23,13,1,3,18,16
2014,"2","18",94,97,16,13,10,11,2,4,12,16
2014,"2","19",84,91,9,12,12,12,2,3,25,15
2014,"2","20",90,89,19,11,14,10,3,4,9,17
2014,"2","21",83,96,18,14,17,13,1,3,17,15
2014,"2","22",74,83,21,15,10,12,3,3,17,13
2014,"2","23",51,50,19,12,14,9,2,2,13,12
2014,"2","24",97,90,13,14,12,13,1,3,17,15
2014,"2","25",96,94,18,15,12,12,1,3,16,16
2014,"2","26",71,91,15,14,10,11,1,3,16,16
2014,"2","27",98,86,10,13,18,11,8,3,18,16
2014,"2","28",110,98,13,14,10,11,2,3,14,15
2014,"3","1",95,86,24,15,9,12,5,4,20,12
2014,"3","2",52,54,15,12,9,11,4,2,13,12
2014,"3","3",116,95,12,12,9,14,7,4,11,15
2014,"3","4",101,100,16,12,11,11,3,4,10,15
2014,"3","5",105,98,15,13,22,12,4,4,20,14
2014,"3","6",106,99,17,14,12,14,6,4,13,15
2014,"3","7",100,106,23,15,10,14,6,4,23,14
2014,"3","8",84,91,10,14,10,10,3,4,17,13
2014,"3","9",51,55,13,13,10,10,2,3,18,12
2014,"3","10",90,96,15,12,12,14,3,4,17,16
2014,"3","11",85,97,21,13,13,12,3,4,15,17
2014,"3","12",103,92,20,13,22,14,6,3,14,16
2014,"3","13",84,92,18,15,9,15,6,4,15,15
2014,"3","14",108,98,15,13,12,14,1,4,16,15
2014,"3","15",103,86,12,16,23,11,7,4,7,12
2014,"3","16",51,55,15,14,17,12,5,3,9,11
2014,"3","17",116,96,14,14,10,17,6,4,23,14
2014,"3","18",96,103,17,13,9,12,7,4,13,15
2014,"3","19",94,97,11,12,7,10,2,4,17,14
2014,"3","20",103,94,19,12,13,13,6,4,12,15
2014,"3","21",104,104,13,13,14,12,6,4,15,15
2014,"3","22",76,89,19,16,24,11,5,4,5,12
2014,"3","23",57,54,16,13,20,12,3,3,16,11
2014,"3","24",54,48,11,12,25,11,8,4,7,12
2014,"3","25",110,92,15,13,14,14,2,3,11,14
2014,"3","26",87,91,14,14,13,15,3,4,18,14
2014,"3","27",88,89,14,12,11,14,1,4,9,15
2014,"3","28",116,95,20,14,19,14,5,3,10,14
2014,"3","29",83,87,19,17,14,14,5,3,16,12
2014,"3","30",65,53,8,12,21,11,2,3,9,12
2014,"3","31",93,98,16,16,14,14,4,4,9,14
2014,"4","1",86,97,17,13,23,13,6,3,9,13
2014,"4","2",84,93,18,14,17,14,0,0,7,13
2014,"4","3",96,89,11,14,30,16,4,3,11,12
2014,"4","4",95,100,20,16,14,13,3,3,20,12
2014,"4","5",101,85,15,15,19,13,2,3,12,11
2014,"4","6",56,53,11,13,9,11,2,3,8,10
2014,"4","7",102,93,23,12,12,15,2,4,9,13
2014,"4","8",105,97,22,14,18,13,1,3,12,13
2014,"4","9",90,97,22,14,18,14,5,3,7,13
2014,"4","10",105,92,14,15,8,15,7,3,15,13
2014,"4","11",104,102,18,15,12,11,3,4,9,12
2014,"4","12",99,87,17,16,15,11,4,3,10,10
2014,"4","13",53,55,16,15,16,10,3,3,9,10
2014,"4","14",87,96,7,15,11,14,1,4,12,13
2014,"4","15",94,96,16,14,14,11,4,4,22,13
2014,"4","16",75,94,15,13,15,12,6,3,24,14
2014,"4","17",36,49,9,10,8,10,1,4,11,12
2014,"4","18",30,48,11,10,4,9,2,3,12,11
2014,"4","19",38,68,7,12,4,9,2,3,7,12
2014,"4","20",49,22,11,7,2,6,3,2,10,8
2014,"4","21",91,75,5,9,16,11,5,4,11,13
2014,"4","22",53,82,11,12,13,10,3,4,18,13
2014,"4","23",102,77,11,10,14,11,2,3,20,14
2014,"4","24",88,81,12,11,28,12,1,4,16,14
2014,"4","25",99,95,9,13,13,14,6,3,13,14
2014,"4","26",79,82,12,13,15,11,3,4,13,12
2014,"4","27",45,51,16,10,18,10,2,3,11,11
2014,"4","28",96,90,18,12,21,16,2,3,11,14
2014,"4","29",81,95,13,13,14,14,1,3,8,13
2014,"4","30",91,88,13,13,22,12,2,3,11,13
2014,"5","1",56,49,10,11,21,12,1,3,7,12
2014,"5","2",101,92,20,14,18,15,6,3,18,14
2014,"5","3",96,82,8,15,21,13,3,3,7,12
2014,"5","4",36,52,18,13,13,11,4,3,18,11
2014,"5","5",96,90,15,11,14,16,2,3,12,16
2014,"5","6",73,93,10,14,17,14,4,3,18,16
2014,"5","7",96,89,12,12,14,13,2,3,17,16
2014,"5","8",84,89,9,13,14,13,3,4,14,17
2014,"5","9",89,96,11,13,19,12,9,3,8,15
2014,"5","10",89,82,18,14,7,11,3,4,11,13
2014,"5","11",72,51,13,11,13,9,3,3,8,12
2014,"5","12",92,94,14,13,11,14,2,4,11,14
2014,"5","13",95,97,13,12,13,13,3,4,20,15
2014,"5","14",93,95,11,11,11,12,3,4,13,16
2014,"5","15",74,91,17,11,12,12,2,4,16,16
2014,"5","16",93,98,17,13,12,12,1,3,10,16
2014,"5","17",90,83,14,14,18,11,11,3,9,13
2014,"5","18",49,52,10,12,14,10,3,3,13,12
2014,"5","19",112,92,16,12,11,14,3,4,23,15
2014,"5","20",89,98,5,12,7,12,3,4,14,16
2014,"5","21",82,92,16,11,18,10,6,4,26,16
2014,"5","22",90,92,12,11,21,13,3,4,15,18
2014,"5","23",91,100,8,13,16,14,0,0,18,17
2014,"5","24",82,85,21,13,11,12,1,4,14,14
2014,"5","25",60,52,17,11,16,11,1,2,9,13
2014,"5","26",85,93,15,13,19,16,1,3,11,16
2014,"5","27",74,95,17,14,12,15,1,3,17,16
2014,"5","28",85,89,15,13,11,14,3,3,14,16
2014,"5","29",88,86,12,12,9,12,1,3,14,16
2014,"5","30",116,95,15,14,11,12,2,3,16,15
2014,"5","31",86,85,17,15,14,11,3,3,14,13
2014,"6","1",47,52,14,12,9,9,2,2,17,11
2014,"6","2",40,45,8,10,11,8,6,3,14,12
2014,"6","3",110,87,20,11,16,9,4,3,26,15
2014,"6","4",96,90,15,12,13,12,2,4,16,16
2014,"6","5",92,88,17,13,15,12,5,4,19,16
2014,"6","6",107,96,16,14,17,12,1,3,17,15
2014,"6","7",97,85,22,16,23,10,2,3,12,13
2014,"6","8",52,54,19,13,15,11,2,2,9,11
2014,"6","9",84,95,15,15,20,15,3,3,19,14
2014,"6","10",77,97,16,15,15,13,3,3,16,15
2014,"6","11",92,90,20,14,14,13,2,3,18,15
2014,"6","12",74,88,9,14,11,14,4,3,17,16
2014,"6","13",94,93,21,15,14,11,4,3,10,15
2014,"6","14",96,80,22,16,16,11,5,3,19,12
2014,"6","15",57,52,14,13,14,9,2,3,16,12
2014,"6","16",79,92,17,14,11,13,8,4,13,15
2014,"6","17",74,92,13,14,16,11,3,4,10,15
2014,"6","18",85,87,19,13,16,11,3,4,10,15
2014,"6","19",74,85,21,14,15,13,3,3,18,14
2014,"6","20",86,93,11,16,13,13,2,3,15,14
2014,"6","21",89,79,10,15,7,10,8,3,7,12
2014,"6","22",48,48,15,11,17,8,5,3,11,11
2014,"6","23",36,44,9,11,9,8,4,4,5,11
2014,"6","24",90,83,7,12,19,11,2,3,12,14
2014,"6","25",113,84,15,12,13,10,6,4,17,13
2014,"6","26",82,87,14,12,16,12,2,4,9,14
2014,"6","27",91,94,9,13,18,12,2,4,8,13
2014,"6","28",81,81,13,15,15,11,3,3,11,11
2014,"6","29",49,50,19,11,7,9,2,3,16,11
2014,"6","30",47,45,12,9,10,9,3,4,10,11
2014,"7","1",86,88,18,12,11,11,3,3,15,15
2014,"7","2",88,86,15,12,13,12,1,3,14,15
2014,"7","3",103,85,12,13,14,12,5,3,17,15
2014,"7","4",85,97,20,13,16,11,1,3,15,14
2014,"7","5",66,83,27,17,21,11,3,3,7,12
2014,"7","6",43,50,17,13,12,11,0,0,13,11
2014,"7","7",112,90,11,15,18,14,10,3,24,15
2014,"7","8",87,99,7,13,14,11,3,4,15,15
2014,"7","9",86,93,15,13,9,12,3,4,11,15
2014,"7","10",83,88,12,13,10,12,4,4,14,16
2014,"7","11",70,97,19,14,6,11,5,4,10,15
2014,"7","12",72,80,16,13,11,9,2,4,12,12
2014,"7","13",40,49,11,12,17,9,2,3,3,11
2014,"7","14",95,87,13,12,19,12,6,3,12,13
2014,"7","15",87,92,15,13,19,11,5,4,17,14
2014,"7","16",90,90,14,13,12,12,4,4,15,14
2014,"7","17",79,87,9,12,7,12,3,4,15,15
2014,"7","18",77,95,16,13,13,11,6,4,19,15
2014,"7","19",70,82,20,13,14,10,2,3,25,13
2014,"7","20",41,28,15,10,12,8,2,3,19,10
2014,"7","21",97,88,16,12,18,13,3,3,12,17
2014,"7","22",91,93,9,14,15,12,1,4,19,16
2014,"7","23",86,91,18,13,17,12,5,3,12,16
2014,"7","24",84,88,13,14,13,13,3,3,17,16
2014,"7","25",93,97,16,15,16,12,3,3,8,15
2014,"7","26",84,84,21,15,15,11,7,3,18,12
2014,"7","27",32,52,14,12,10,9,6,3,13,12
2014,"7","28",110,89,21,11,14,13,2,4,11,15
2014,"7","29",91,96,13,14,8,13,2,4,11,15
2014,"7","30",94,92,8,13,17,11,0,0,16,15
2014,"7","31",78,92,22,14,14,12,1,4,17,15
2014,"8","1",109,98,13,15,9,14,2,3,16,15
2014,"8","2",71,85,22,15,18,12,5,4,18,13
2014,"8","3",59,53,16,12,12,11,3,2,12,13
2014,"8","4",89,93,14,14,22,16,4,4,29,15
2014,"8","5",101,99,10,13,12,14,4,3,18,17
2014,"8","6",118,93,24,14,21,14,4,4,11,17
2014,"8","7",52,53,11,10,13,13,2,4,8,13
2014,"8","8",112,95,19,15,14,14,7,3,19,15
2014,"8","9",82,86,17,15,9,12,4,4,4,13
2014,"8","10",54,52,23,13,7,11,2,3,12,11
2014,"8","11",85,93,4,13,16,16,3,4,17,14
2014,"8","12",74,96,14,15,13,12,2,4,17,15
2014,"8","13",86,88,15,13,21,13,5,3,17,15
2014,"8","14",90,89,21,14,15,15,5,4,18,16
2014,"8","15",106,96,19,14,21,15,2,3,11,16
2014,"8","16",84,85,13,17,15,13,3,3,12,12
2014,"8","17",46,52,16,12,10,12,3,3,5,12
2014,"8","18",30,45,14,10,18,11,1,4,6,11
2014,"8","19",78,86,14,14,14,14,4,3,15,14
2014,"8","20",89,83,10,13,10,14,4,3,18,14
2014,"8","21",78,83,10,12,13,14,0,0,14,15
2014,"8","22",86,90,12,14,6,13,2,3,19,15
2014,"8","23",78,78,21,13,16,11,6,3,24,13
2014,"8","24",43,49,18,10,10,11,1,2,17,13
2014,"8","25",85,89,5,12,15,16,4,4,29,17
2014,"8","26",95,94,16,12,17,12,3,4,18,18
2014,"8","27",66,91,6,12,9,14,3,4,14,17
2014,"8","28",105,84,13,11,12,13,4,4,17,17
2014,"8","29",85,97,19,14,11,12,6,4,18,16
2014,"8","30",83,83,14,13,15,12,5,3,14,13
2014,"8","31",49,51,14,10,14,11,3,3,14,12
2014,"9","1",77,91,18,12,18,14,3,4,12,15
2014,"9","2",63,92,8,13,4,14,2,3,12,15
2014,"9","3",87,84,21,11,14,11,1,4,8,15
2014,"9","4",81,83,7,14,14,14,9,3,15,14
2014,"9","5",105,93,11,13,10,12,4,4,16,14
2014,"9","6",74,82,18,13,11,11,3,4,11,12
2014,"9","7",47,50,10,11,6,10,3,2,14,11
2014,"9","8",96,89,14,10,11,13,0,0,21,15
2014,"9","9",83,95,18,14,11,13,2,4,13,16
2014,"9","10",81,90,15,13,17,13,10,3,20,15
2014,"9","11",100,88,12,12,23,13,7,4,30,16
2014,"9","12",105,101,19,14,12,13,2,4,16,17
2014,"9","13",82,86,15,15,13,13,2,4,8,13
2014,"9","14",56,52,19,13,10,11,3,3,16,12
2014,"9","15",80,94,18,13,17,16,2,4,9,16
2014,"9","16",86,95,14,13,17,14,8,4,14,14
2014,"9","17",108,91,19,12,13,13,0,0,14,14
2014,"9","18",94,91,20,14,22,15,4,3,25,15
2014,"9","19",102,103,17,16,14,15,1,3,10,15
2014,"9","20",88,86,7,18,13,11,3,3,10,12
2014,"9","21",57,53,17,13,12,10,5,3,11,11
2014,"9","22",76,95,6,14,32,16,2,4,10,15
2014,"9","23",89,98,13,16,16,15,3,3,9,14
2014,"9","24",82,91,11,12,14,15,1,3,14,13
2014,"9","25",84,88,14,12,13,14,3,3,13,15
2014,"9","26",97,95,12,13,18,14,2,3,20,14
2014,"9","27",72,84,18,15,14,13,3,3,14,12
2014,"9","28",43,50,10,11,12,11,3,2,10,12
2014,"9","29",86,89,18,11,15,14,3,4,18,15
2014,"9","30",107,92,12,12,17,13,0,0,15,16
2014,"10","1",81,92,14,13,19,13,5,3,5,15
2014,"10","2",73,88,18,13,14,14,1,3,9,14
2014,"10","3",87,93,14,14,11,13,3,3,12,14
2014,"10","4",100,81,19,14,15,11,3,3,11,11
2014,"10","5",72,52,5,13,13,11,5,3,19,10
2014,"10","6",83,97,8,13,12,13,1,4,15,14
2014,"10","7",78,96,14,12,6,12,3,4,14,15
2014,"10","8",75,89,8,11,15,11,2,3,7,15
2014,"10","9",85,86,10,12,14,12,1,4,14,15
2014,"10","10",88,95,14,12,6,12,1,3,11,14
2014,"10","11",80,80,17,12,14,10,5,3,8,11
2014,"10","12",33,49,11,12,9,9,3,2,9,10
2014,"10","13",42,42,10,8,10,9,0,0,13,11
2014,"10","14",103,83,10,12,10,11,2,3,25,14
2014,"10","15",81,86,14,11,5,11,2,3,20,15
2014,"10","16",74,83,13,11,13,11,4,3,14,16
2014,"10","17",88,90,14,13,10,11,4,3,19,16
2014,"10","18",68,79,28,12,8,10,4,3,6,13
2014,"10","19",45,47,16,11,8,9,2,2,17,11
2014,"10","20",70,88,12,13,16,12,0,0,14,15
2014,"10","21",82,88,15,14,16,12,2,3,10,15
2014,"10","22",106,85,13,14,13,12,2,3,24,14
2014,"10","23",86,88,11,13,11,13,2,4,24,16
2014,"10","24",73,96,13,14,12,11,6,3,18,16
2014,"10","25",92,80,16,13,10,10,2,3,15,13
2014,"10","26",55,51,9,11,6,10,3,3,15,13
2014,"10","27",81,92,8,11,12,12,3,4,11,16
2014,"10","28",78,93,19,11,6,10,2,4,16,15
2014,"10","29",108,87,11,11,8,11,2,3,17,15
2014,"10","30",96,89,8,11,15,10,2,4,16,15
2014,"10","31",90,100,19,13,9,11,6,3,15,14
2014,"11","1",82,84,15,12,11,11,3,3,14,12
2014,"11","2",44,52,9,11,12,9,1,3,13,11
2014,"11","3",40,45,9,9,6,9,4,3,17,11
2014,"11","4",83,87,12,10,14,10,2,3,13,15
2014,"11","5",82,84,17,12,17,11,3,4,17,14
2014,"11","6",84,83,5,13,16,14,2,3,15,14
2014,"11","7",98,45,20,10,9,8,4,3,16,11
2014,"11","8",68,80,17,13,8,11,3,3,17,12
2014,"11","9",48,49,8,11,9,9,3,3,9,11
2014,"11","10",88,88,8,11,17,13,4,4,18,14
2014,"11","11",79,93,7,12,15,11,4,4,25,14
2014,"11","12",99,90,7,10,11,11,5,4,13,15
2014,"11","13",68,88,11,11,12,12,2,4,20,14
2014,"11","14",105,94,10,12,7,12,8,3,8,15
2014,"11","15",101,81,23,12,7,10,2,4,14,11
2014,"11","16",53,52,8,10,12,10,4,3,9,10
2014,"11","17",42,94,12,12,11,12,1,4,19,13
2014,"11","18",77,90,7,10,12,11,4,3,19,14
2014,"11","19",88,85,12,11,15,10,6,4,8,14
2014,"11","20",81,85,14,11,15,12,3,4,14,14
2014,"11","21",101,92,16,13,20,12,1,3,10,14
2014,"11","22",81,81,15,14,13,12,3,3,12,11
2014,"11","23",50,50,20,11,13,11,5,2,3,10
2014,"11","24",74,90,12,12,19,15,3,4,17,13
2014,"11","25",91,93,19,13,11,13,5,3,19,14
2014,"11","26",80,90,14,12,5,13,5,3,21,14
2014,"11","27",97,86,16,12,17,12,4,4,15,15
2014,"11","28",121,97,13,14,5,13,0,0,10,14
2014,"11","29",82,85,15,16,8,11,4,4,16,11
2014,"11","30",55,53,16,11,9,8,1,3,7,11
2014,"12","1",101,92,11,14,18,12,0,0,12,13
2014,"12","2",93,98,10,15,14,11,0,0,7,13
2014,"12","3",99,93,14,13,14,11,5,4,17,13
2014,"12","4",81,92,15,12,9,12,1,4,18,13
2014,"12","5",113,97,12,13,18,12,5,3,14,13
2014,"12","6",97,87,14,14,12,10,1,3,11,11
2014,"12","7",64,53,17,11,14,9,0,0,14,11
2014,"12","8",50,53,9,11,12,10,10,4,11,11
2014,"12","9",96,91,16,12,14,10,4,3,21,14
2014,"12","10",77,90,12,12,6,12,2,4,17,14
2014,"12","11",91,85,9,11,14,11,0,0,13,15
2014,"12","12",88,93,7,13,21,11,3,3,19,14
2014,"12","13",64,82,15,14,14,10,2,3,8,12
2014,"12","14",60,48,24,10,7,10,1,3,14,10
2014,"12","15",81,88,17,13,8,14,2,4,8,14
2014,"12","16",100,89,12,12,12,12,3,3,17,13
2014,"12","17",92,89,17,12,15,11,3,3,13,13
2014,"12","18",100,88,18,12,15,12,4,3,14,14
2014,"12","19",97,98,15,14,14,12,1,3,17,13
2014,"12","20",80,85,12,16,14,11,2,3,12,12
2014,"12","21",59,51,17,12,20,9,1,2,10,11
2014,"12","22",100,94,14,15,12,15,6,3,15,14
2014,"12","23",112,96,10,12,7,11,4,3,16,14
2014,"12","24",81,95,17,12,3,9,3,4,16,13
2014,"12","25",41,49,20,10,8,9,2,3,17,11
2014,"12","26",80,90,19,12,4,11,3,3,13,14
2014,"12","27",57,76,9,13,16,9,1,3,14,12
2014,"12","28",42,47,10,12,5,8,2,2,12,11
2014,"12","29",94,81,11,10,8,12,7,3,14,14
2014,"12","30",83,86,13,13,9,9,2,4,13,14
2014,"12","31",54,83,18,12,8,9,1,4,6,14
2015,"1","1",26,40,29,10,12,8,4,3,8,10
2015,"1","2",50,74,10,13,10,12,3,2,14,12
2015,"1","3",42,62,11,14,11,9,2,3,9,10
2015,"1","4",35,38,8,11,11,8,1,2,5,9
2015,"1","5",56,68,9,11,3,11,7,3,6,11
2015,"1","6",72,68,13,11,4,9,7,4,9,12
2015,"1","7",63,68,14,11,6,9,1,4,12,11
2015,"1","8",59,68,7,10,4,10,5,4,9,12
2015,"1","9",63,74,17,11,14,8,5,3,8,11
2015,"1","10",61,65,19,13,12,9,2,3,4,10
2015,"1","11",39,40,10,12,7,9,2,3,11,9
2015,"1","12",36,40,7,8,14,8,4,4,6,9
2015,"1","13",102,71,17,12,14,9,5,3,33,12
2015,"1","14",72,76,10,11,11,11,4,4,13,13
2015,"1","15",65,73,10,12,11,10,8,4,8,13
2015,"1","16",78,78,16,12,14,10,4,4,14,13
2015,"1","17",61,69,10,13,14,10,3,4,27,11
2015,"1","18",46,43,12,10,10,9,3,3,5,11
2015,"1","19",75,76,9,11,14,12,1,4,7,12
2015,"1","20",96,78,14,13,13,10,6,4,21,13
2015,"1","21",86,79,13,11,20,11,5,4,21,13
2015,"1","22",93,79,13,12,10,11,5,4,30,13
2015,"1","23",73,88,9,11,8,11,2,4,21,14
2015,"1","24",66,73,16,12,12,8,4,3,8,12
2015,"1","25",41,44,20,11,16,9,2,3,11,11
2015,"1","26",70,79,12,14,12,14,3,4,16,14
2015,"1","27",77,79,11,12,12,11,8,3,23,13
2015,"1","28",83,77,8,11,7,10,1,4,9,13
2015,"1","29",85,74,17,12,12,11,3,4,12,13
2015,"1","30",69,83,8,13,6,11,4,3,16,13
2015,"1","31",79,70,17,13,6,8,3,4,5,11
2015,"2","1",50,47,12,10,10,8,5,3,7,11
2015,"2","2",91,87,18,12,14,12,7,4,12,14
2015,"2","3",99,91,18,12,15,11,1,4,14,14
2015,"2","4",73,91,12,14,12,12,4,4,8,14
2015,"2","5",86,85,13,12,22,11,0,0,19,14
2015,"2","6",106,97,13,15,17,12,3,3,20,14
2015,"2","7",71,85,13,15,11,11,6,4,16,12
2015,"2","8",55,51,14,11,8,9,4,3,20,12
2015,"2","9",89,91,18,12,12,13,5,4,33,17
2015,"2","10",107,96,8,11,15,11,2,3,15,19
2015,"2","11",69,93,17,13,8,12,2,4,8,16
2015,"2","12",96,86,14,12,11,12,7,3,11,17
2015,"2","13",110,96,12,13,12,11,4,4,14,15
2015,"2","14",74,86,10,14,14,8,3,4,7,12
2015,"2","15",64,51,14,12,5,9,4,3,17,11
2015,"2","16",98,93,20,11,7,12,3,4,9,15
2015,"2","17",104,95,9,13,7,11,5,4,11,14
2015,"2","18",84,94,19,12,10,10,6,4,10,14
2015,"2","19",102,90,16,12,5,11,2,4,19,15
2015,"2","20",97,100,11,14,13,10,3,4,20,14
2015,"2","21",71,87,16,14,6,9,12,3,9,13
2015,"2","22",51,51,5,11,8,8,1,3,6,12
2015,"2","23",89,90,14,11,8,11,3,5,12,14
2015,"2","24",97,93,10,12,15,10,1,4,11,15
2015,"2","25",88,91,22,13,10,10,5,4,14,14
2015,"2","26",97,88,11,11,7,12,3,4,17,15
2015,"2","27",95,97,17,13,9,10,7,4,7,14
2015,"2","28",79,83,14,13,11,9,7,3,16,12
2015,"3","1",66,52,17,11,8,10,4,3,20,12
2015,"3","2",86,95,17,13,14,13,3,4,13,14
2015,"3","3",90,96,14,15,15,12,3,4,16,14
2015,"3","4",94,93,17,13,11,12,2,4,19,15
2015,"3","5",85,91,14,14,15,13,5,4,13,15
2015,"3","6",79,98,24,15,19,12,1,4,14,14
2015,"3","7",81,83,10,17,18,13,5,3,13,12
2015,"3","8",63,51,15,13,12,9,3,3,14,11
2015,"3","9",96,93,10,13,7,14,4,4,14,14
2015,"3","10",126,95,14,14,16,11,3,4,8,14
2015,"3","11",78,97,9,14,16,13,4,4,9,13
2015,"3","12",93,92,15,13,18,14,6,4,9,14
2015,"3","13",86,101,16,13,9,13,4,4,22,12
2015,"3","14",79,86,22,14,19,11,5,4,9,11
2015,"3","15",54,52,21,12,14,11,4,3,10,10
2015,"3","16",94,93,7,14,20,16,7,4,14,14
2015,"3","17",95,96,14,14,15,13,6,4,5,14
2015,"3","18",77,91,11,14,19,14,4,5,15,13
2015,"3","19",109,89,7,14,21,12,2,4,20,14
2015,"3","20",109,102,12,15,12,14,4,4,9,13
2015,"3","21",99,87,15,15,10,12,4,4,14,11
2015,"3","22",47,55,11,11,11,10,4,3,12,11
2015,"3","23",50,47,11,9,3,9,2,4,15,11
2015,"3","24",101,90,15,11,7,11,3,4,20,15
2015,"3","25",104,90,11,11,14,11,6,4,19,14
2015,"3","26",82,91,16,12,15,12,0,0,18,15
2015,"3","27",94,98,16,14,12,12,4,3,18,15
2015,"3","28",71,83,17,14,17,11,2,4,13,12
2015,"3","29",45,28,8,10,14,8,2,3,12,9
2015,"3","30",93,91,11,12,16,14,2,4,14,15
2015,"3","31",70,94,18,13,11,13,0,0,8,14
2015,"4","1",87,85,15,13,13,12,6,3,15,13
2015,"4","2",39,47,11,10,6,9,3,4,11,11
2015,"4","3",27,47,1,10,8,9,2,3,6,10
2015,"4","4",50,67,5,12,9,8,1,3,14,11
2015,"4","5",36,23,6,8,8,6,2,2,10,8
2015,"4","6",100,75,10,9,7,11,4,4,12,13
2015,"4","7",73,82,19,10,10,10,2,4,12,13
2015,"4","8",97,80,9,11,19,11,6,3,15,13
2015,"4","9",83,83,15,10,7,12,5,4,17,14
2015,"4","10",105,93,12,11,17,11,4,4,13,14
2015,"4","11",93,84,15,14,9,10,3,3,11,11
2015,"4","12",54,52,4,11,5,10,3,3,17,10
2015,"4","13",100,92,16,11,13,11,7,4,16,14
2015,"4","14",71,97,12,12,19,11,3,4,18,14
2015,"4","15",70,91,11,12,18,12,6,4,18,14
2015,"4","16",97,86,17,11,17,11,3,4,18,15
2015,"4","17",101,96,8,13,18,13,11,4,17,14
2015,"4","18",88,84,14,13,15,10,3,4,10,12
2015,"4","19",39,51,13,11,8,11,0,0,6,11
2015,"4","20",114,88,14,11,9,14,4,4,8,13
2015,"4","21",106,95,14,13,14,11,8,4,14,13
2015,"4","22",72,96,16,12,10,11,2,5,10,12
2015,"4","23",118,88,15,12,10,12,3,4,8,13
2015,"4","24",112,100,18,13,15,10,2,4,11,12
2015,"4","25",82,89,16,17,10,11,7,4,10,10
2015,"4","26",70,53,14,12,18,10,1,3,17,10
2015,"4","27",109,99,18,15,6,13,3,4,10,13
2015,"4","28",102,99,19,14,15,12,6,4,18,13
2015,"4","29",103,99,14,13,7,11,5,4,17,14
2015,"4","30",105,94,11,13,11,12,3,4,13,14
2015,"5","1",58,58,16,12,13,9,3,4,5,12
2015,"5","2",82,83,14,15,9,11,3,3,15,12
2015,"5","3",54,51,8,12,12,9,1,3,15,11
2015,"5","4",89,92,16,13,17,12,7,4,28,15
2015,"5","5",94,96,10,12,14,12,0,0,15,16
2015,"5","6",72,91,11,13,26,12,3,4,14,16
2015,"5","7",107,87,20,13,13,14,1,4,10,17
2015,"5","8",92,98,14,14,9,15,2,3,12,14
2015,"5","9",109,84,18,14,13,10,3,4,14,12
2015,"5","10",76,54,12,13,11,10,4,3,13,11
2015,"5","11",97,100,16,15,19,14,7,4,14,14
2015,"5","12",114,102,19,14,18,13,3,4,14,15
2015,"5","13",107,102,8,15,11,14,5,4,10,14
2015,"5","14",92,97,10,14,8,12,5,4,8,14
2015,"5","15",103,104,15,13,14,12,9,4,12,13
2015,"5","16",97,90,19,14,7,11,5,4,16,11
2015,"5","17",41,55,16,11,8,10,4,4,9,11
2015,"5","18",52,47,13,9,9,8,7,4,8,12
2015,"5","19",101,89,19,12,10,11,1,4,13,15
2015,"5","20",90,89,15,13,19,11,2,5,8,14
2015,"5","21",91,88,12,15,17,13,5,4,21,14
2015,"5","22",103,97,20,14,13,12,6,4,18,14
2015,"5","23",90,84,17,16,9,11,3,4,7,12
2015,"5","24",35,52,11,12,11,10,4,3,13,11
2015,"5","25",87,92,16,11,23,13,6,4,24,16
2015,"5","26",84,96,18,14,16,13,2,4,13,16
2015,"5","27",94,90,19,14,15,13,2,4,18,15
2015,"5","28",93,89,12,14,7,13,4,4,17,16
2015,"5","29",95,97,14,14,6,11,4,4,26,15
2015,"5","30",101,84,7,14,10,10,2,4,9,13
2015,"5","31",55,53,15,13,13,9,3,3,14,12
2015,"6","1",91,94,12,13,16,12,5,4,20,14
2015,"6","2",86,97,18,13,10,11,4,4,16,16
2015,"6","3",120,91,24,11,14,10,0,0,17,15
2015,"6","4",87,94,10,13,10,13,4,4,18,16
2015,"6","5",89,100,19,13,12,10,5,4,11,15
2015,"6","6",104,84,16,16,12,10,6,3,12,12
2015,"6","7",49,53,16,13,13,9,7,3,6,11
2015,"6","8",42,46,10,11,15,8,3,4,7,11
2015,"6","9",93,88,14,14,11,11,3,4,16,13
2015,"6","10",97,86,11,11,25,11,7,4,11,14
2015,"6","11",82,87,19,14,5,12,4,4,8,14
2015,"6","12",102,91,11,12,6,12,3,4,11,13
2015,"6","13",74,80,9,14,4,8,2,4,13,11
2015,"6","14",49,49,13,10,8,8,5,3,11,11
2015,"6","15",41,44,11,9,9,8,4,4,20,11
2015,"6","16",107,86,11,11,10,9,4,4,6,15
2015,"6","17",80,85,18,12,7,9,10,4,9,14
2015,"6","18",84,83,14,11,11,10,3,4,12,14
2015,"6","19",105,91,15,13,14,10,2,4,15,13
2015,"6","20",75,82,15,14,21,9,6,3,8,11
2015,"6","21",51,50,7,13,10,9,4,3,8,11
2015,"6","22",74,90,7,11,17,12,2,5,10,13
2015,"6","23",84,91,16,13,15,11,4,4,3,14
2015,"6","24",101,86,13,12,6,12,4,3,13,13
2015,"6","25",70,86,12,11,12,11,7,4,9,14
2015,"6","26",88,92,15,12,17,9,8,4,9,13
2015,"6","27",78,80,21,13,11,10,6,4,10,11
2015,"6","28",35,49,9,11,1,10,0,0,6,10
2015,"6","29",44,42,10,8,10,7,5,4,6,10
2015,"6","30",102,82,13,12,8,9,9,4,9,13
2015,"7","1",91,84,11,12,11,10,2,5,9,13
2015,"7","2",87,85,13,12,9,11,2,5,12,14
2015,"7","3",87,94,16,13,5,10,3,4,14,13
2015,"7","4",78,80,23,12,12,9,6,4,8,12
2015,"7","5",55,50,11,11,4,8,5,3,7,11
2015,"7","6",96,91,13,11,25,11,11,5,7,14
2015,"7","7",92,97,21,14,17,11,3,4,13,14
2015,"7","8",95,93,14,14,10,13,12,4,22,13
2015,"7","9",96,91,16,12,11,11,10,5,8,15
2015,"7","10",89,100,20,15,4,11,7,5,17,14
2015,"7","11",82,85,11,14,11,10,5,5,12,12
2015,"7","12",59,52,16,12,9,8,5,4,18,12
2015,"7","13",102,95,10,13,15,12,7,5,19,15
2015,"7","14",95,100,11,13,15,10,7,5,18,16
2015,"7","15",89,96,16,12,9,10,12,5,36,16
2015,"7","16",93,94,9,11,7,10,12,5,16,18
2015,"7","17",110,100,17,11,9,9,6,6,14,16
2015,"7","18",85,88,18,14,11,10,11,5,9,14
2015,"7","19",40,54,10,11,13,8,9,4,14,12
2015,"7","20",48,52,14,9,7,9,11,6,6,12
2015,"7","21",110,88,9,11,13,10,3,5,9,14
2015,"7","22",83,90,10,12,14,11,3,6,10,14
2015,"7","23",91,88,11,12,4,11,4,4,17,14
2015,"7","24",88,95,15,13,13,10,3,5,15,14
2015,"7","25",90,83,17,12,7,9,2,4,16,12
2015,"7","26",47,51,9,11,8,9,2,3,13,11
2015,"7","27",104,93,11,10,14,11,2,4,12,15
2015,"7","28",106,97,7,12,13,11,9,4,10,15
2015,"7","29",105,96,19,12,13,10,4,4,22,14
2015,"7","30",88,96,10,12,16,11,4,4,17,15
2015,"7","31",111,104,13,13,7,11,3,3,7,15
2015,"8","1",82,87,18,14,6,11,5,4,13,12
2015,"8","2",66,54,14,11,13,9,6,3,12,11
2015,"8","3",120,97,12,15,24,14,4,5,6,14
2015,"8","4",106,104,8,15,10,13,13,5,16,13
2015,"8","5",114,100,14,11,14,12,3,5,11,14
2015,"8","6",109,99,17,14,6,13,3,6,14,13
2015,"8","7",64,60,11,11,10,11,8,4,11,10
2015,"8","8",93,87,15,14,27,10,4,4,8,12
2015,"8","9",57,55,15,13,8,12,4,3,5,10
2015,"8","10",95,94,11,12,15,15,4,5,13,13
2015,"8","11",95,97,12,13,14,11,5,4,11,13
2015,"8","12",72,93,20,12,4,13,6,4,15,13
2015,"8","13",88,86,14,11,14,13,5,4,13,14
2015,"8","14",117,97,11,14,8,12,7,4,13,14
2015,"8","15",98,86,16,15,14,10,3,5,13,11
2015,"8","16",50,54,10,13,22,11,8,3,19,11
2015,"8","17",48,48,9,11,8,9,4,4,13,12
2015,"8","18",119,90,12,12,22,12,14,4,28,15
2015,"8","19",79,96,15,12,11,12,3,5,12,15
2015,"8","20",94,89,10,12,16,15,7,5,10,16
2015,"8","21",90,97,5,14,9,12,8,4,11,14
2015,"8","22",69,82,9,13,13,10,3,6,7,12
2015,"8","23",40,50,7,11,11,10,2,4,16,10
2015,"8","24",90,90,14,10,18,15,6,4,37,14
2015,"8","25",83,95,11,10,16,13,3,4,10,16
2015,"8","26",96,88,8,12,12,13,6,4,17,15
2015,"8","27",75,88,21,11,12,13,5,5,22,16
2015,"8","28",126,95,24,12,25,14,6,4,19,16
2015,"8","29",99,89,18,17,12,14,6,4,8,12
2015,"8","30",53,54,11,14,10,11,4,4,18,11
2015,"8","31",82,97,11,13,21,13,8,5,13,15
2015,"9","1",101,98,12,14,13,13,4,4,12,14
2015,"9","2",100,94,10,14,10,13,7,5,11,13
2015,"9","3",106,93,17,13,10,12,2,5,14,14
2015,"9","4",117,102,15,14,14,12,5,5,11,13
2015,"9","5",94,90,16,16,6,11,1,4,7,11
2015,"9","6",53,54,13,11,6,9,8,3,21,10
2015,"9","7",110,98,10,11,17,11,5,4,9,14
2015,"9","8",85,102,15,14,5,11,4,5,13,13
2015,"9","9",104,94,14,13,8,11,4,4,13,14
2015,"9","10",89,93,21,12,24,11,13,5,18,14
2015,"9","11",120,103,10,14,14,14,6,4,23,13
2015,"9","12",92,91,18,14,11,11,8,6,14,12
2015,"9","13",63,55,14,11,9,9,6,3,19,11
2015,"9","14",112,98,20,14,11,13,2,5,21,15
2015,"9","15",92,104,14,14,11,13,6,5,8,15
2015,"9","16",102,96,12,14,11,12,3,5,14,14
2015,"9","17",112,95,13,12,18,12,3,5,26,14
2015,"9","18",112,108,17,14,17,12,9,4,16,14
2015,"9","19",97,93,14,15,9,10,4,4,12,11
2015,"9","20",39,56,10,12,11,10,5,4,13,11
2015,"9","21",113,96,8,11,9,12,8,4,15,15
2015,"9","22",84,101,16,12,12,11,4,5,8,14
2015,"9","23",92,94,11,12,7,12,3,5,15,13
2015,"9","24",92,90,18,12,14,12,8,5,11,14
2015,"9","25",87,99,13,13,15,12,11,4,7,13
2015,"9","26",80,83,13,14,13,11,5,5,13,11
2015,"9","27",56,51,9,11,7,10,6,4,14,10
2015,"9","28",94,91,12,11,16,12,4,5,9,13
2015,"9","29",95,95,14,13,15,12,0,0,11,13
2015,"9","30",97,92,16,13,16,14,4,5,15,13
2015,"10","1",99,91,6,13,25,12,6,5,23,14
2015,"10","2",110,104,18,14,3,12,4,5,12,14
2015,"10","3",100,87,11,13,11,11,3,5,8,11
2015,"10","4",56,55,11,12,6,9,2,3,17,11
2015,"10","5",100,97,13,11,7,12,3,4,10,14
2015,"10","6",90,99,17,13,11,10,7,4,15,13
2015,"10","7",92,95,12,11,6,10,6,4,11,14
2015,"10","8",90,90,12,12,14,10,4,5,13,14
2015,"10","9",77,100,18,13,8,10,4,4,11,13
2015,"10","10",96,81,15,14,9,10,4,4,13,11
2015,"10","11",44,52,11,12,13,8,14,3,7,10
2015,"10","12",44,45,10,9,10,7,1,5,15,11
2015,"10","13",108,87,11,12,20,11,12,5,24,14
2015,"10","14",84,90,15,12,11,11,2,4,6,14
2015,"10","15",71,85,9,13,20,12,10,5,21,14
2015,"10","16",94,94,19,13,13,10,5,4,16,15
2015,"10","17",98,80,17,14,6,11,3,5,15,12
2015,"10","18",47,51,8,11,10,9,0,0,19,11
2015,"10","19",112,93,16,12,10,11,4,4,12,15
2015,"10","20",107,97,8,13,12,12,8,5,18,14
2015,"10","21",89,97,11,13,10,9,6,5,13,14
2015,"10","22",83,92,17,12,14,11,4,5,12,14
2015,"10","23",88,100,12,14,13,12,2,4,14,13
2015,"10","24",96,84,7,13,7,10,7,4,7,11
2015,"10","25",48,52,10,10,4,7,0,0,11,10
2015,"10","26",84,91,7,10,14,11,4,4,17,13
2015,"10","27",76,94,12,12,8,10,3,5,11,14
2015,"10","28",85,87,15,11,2,11,3,4,16,13
2015,"10","29",94,85,14,10,9,10,8,4,19,14
2015,"10","30",118,96,15,11,10,9,3,4,15,14
2015,"10","31",82,86,17,14,7,8,12,5,21,11
2015,"11","1",43,53,13,10,8,8,9,3,4,11
2015,"11","2",49,45,5,9,9,7,5,5,7,11
2015,"11","3",87,88,22,12,16,10,3,5,7,13
2015,"11","4",95,86,11,13,3,12,6,4,20,12
2015,"11","5",103,86,7,12,19,11,6,5,14,12
2015,"11","6",115,97,14,13,13,10,3,5,7,12
2015,"11","7",94,85,15,15,5,11,5,5,12,10
2015,"11","8",43,53,9,10,12,9,6,3,10,10
2015,"11","9",84,95,6,12,5,12,7,4,15,13
2015,"11","10",113,95,14,11,17,10,5,5,16,13
2015,"11","11",111,97,9,12,21,10,5,5,10,12
2015,"11","12",78,96,15,13,9,12,3,5,16,13
2015,"11","13",105,100,15,12,10,11,2,4,12,13
2015,"11","14",73,86,7,14,9,10,8,4,10,10
2015,"11","15",44,52,9,10,11,9,3,3,15,10
2015,"11","16",41,46,7,9,11,8,4,4,22,11
2015,"11","17",98,88,13,10,12,10,10,3,21,14
2015,"11","18",85,86,9,10,13,10,18,5,17,14
2015,"11","19",81,85,10,10,13,10,8,6,15,14
2015,"11","20",94,92,11,11,16,11,7,6,11,14
2015,"11","21",83,81,11,13,13,11,7,5,5,11
2015,"11","22",65,50,12,10,8,9,4,4,10,10
2015,"11","23",105,93,13,12,14,12,6,6,19,12
2015,"11","24",90,99,8,12,8,11,4,6,16,12
2015,"11","25",90,93,10,11,13,11,4,5,18,13
2015,"11","26",98,92,14,11,11,11,3,5,13,14
2015,"11","27",108,100,11,13,12,11,5,4,7,13
2015,"11","28",89,87,14,14,12,10,0,0,21,10
2015,"11","29",48,54,7,11,9,9,1,3,10,10
2015,"11","30",79,93,11,10,8,12,5,4,19,13
2015,"12","1",92,93,17,11,16,10,6,4,19,14
2015,"12","2",110,91,13,12,9,10,1,4,8,14
2015,"12","3",110,89,9,12,17,12,5,4,19,13
2015,"12","4",92,103,11,14,14,10,4,4,13,13
2015,"12","5",98,86,27,14,8,10,5,4,14,11
2015,"12","6",38,53,9,12,11,9,1,3,10,10
2015,"12","7",130,93,12,12,19,12,3,4,13,13
2015,"12","8",69,56,15,12,8,10,5,4,10,10
2015,"12","9",108,91,12,12,10,11,3,4,11,13
2015,"12","10",93,90,17,13,8,10,10,4,8,12
2015,"12","11",86,98,10,14,11,11,3,4,13,12
2015,"12","12",110,83,11,14,15,9,4,4,9,10
2015,"12","13",59,54,18,12,10,8,2,3,13,9
2015,"12","14",100,95,11,13,13,13,8,4,13,12
2015,"12","15",98,98,13,12,16,10,4,5,20,12
2015,"12","16",118,96,13,13,7,11,6,5,23,13
2015,"12","17",81,95,15,12,11,11,1,5,14,14
2015,"12","18",100,101,17,13,7,11,8,4,18,13
2015,"12","19",92,86,18,14,5,9,6,4,15,11
2015,"12","20",59,53,19,11,10,8,6,4,12,11
2015,"12","21",86,94,9,13,13,12,5,4,16,13
2015,"12","22",113,96,12,13,8,10,6,5,20,14
2015,"12","23",92,94,11,12,11,9,5,5,8,13
2015,"12","24",85,91,20,13,13,9,3,5,16,13
2015,"12","25",40,54,14,11,6,9,8,4,10,10
2015,"12","26",51,76,10,14,12,8,3,4,13,11
2015,"12","27",37,45,11,10,5,8,9,3,11,10
2015,"12","28",70,81,12,10,8,11,3,4,6,13
2015,"12","29",89,81,10,12,3,10,3,5,2,12
2015,"12","30",93,79,12,12,10,10,2,4,8,11
2015,"12","31",48,81,16,12,13,9,2,5,10,12
2016,"1","1",36,44,14,10,13,8,4,3,8,8
2016,"1","2",44,64,6,14,6,9,9,3,4,9
2016,"1","3",36,38,10,10,6,7,9,3,9,9
2016,"1","4",59,70,6,9,16,10,5,4,16,11
2016,"1","5",54,73,10,11,9,10,3,4,16,12
2016,"1","6",73,68,3,10,7,10,1,4,14,13
2016,"1","7",65,68,12,11,8,9,6,4,7,13
2016,"1","8",65,75,10,10,6,9,2,4,17,12
2016,"1","9",45,65,10,11,5,8,1,4,15,11
2016,"1","10",42,39,11,8,7,7,1,2,9,10
2016,"1","11",36,40,5,8,12,8,4,3,7,10
2016,"1","12",76,71,12,10,5,9,5,3,16,13
2016,"1","13",89,70,6,10,9,9,5,4,14,12
2016,"1","14",70,72,8,11,7,9,1,4,23,12
2016,"1","15",84,79,10,10,9,9,0,0,20,13
2016,"1","16",94,70,12,12,15,8,6,3,11,11
2016,"1","17",44,45,12,10,4,8,3,3,8,10
2016,"1","18",91,80,16,10,15,11,3,4,15,13
2016,"1","19",104,85,16,11,6,11,0,0,13,13
2016,"1","20",94,82,19,12,14,11,4,4,12,12
2016,"1","21",78,82,11,12,11,11,4,4,11,13
2016,"1","22",98,88,9,13,17,10,4,3,13,12
2016,"1","23",72,77,19,15,6,9,4,4,8,10
2016,"1","24",40,45,11,12,9,8,5,3,18,9
2016,"1","25",91,81,8,11,9,11,3,4,11,13
2016,"1","26",88,83,17,12,15,10,6,4,5,12
2016,"1","27",107,80,14,12,9,11,3,4,6,12
2016,"1","28",86,80,8,12,25,11,3,4,7,12
2016,"1","29",93,90,19,15,14,10,3,3,12,11
2016,"1","30",86,76,11,14,4,10,5,3,4,9
2016,"1","31",48,46,10,10,10,8,4,3,16,9
2016,"2","1",79,92,18,11,14,12,1,4,22,14
2016,"2","2",102,94,18,12,12,12,8,3,17,15
2016,"2","3",96,91,10,12,12,11,2,4,15,15
2016,"2","4",101,90,18,12,8,11,3,4,16,16
2016,"2","5",93,99,13,13,13,11,2,3,14,15
2016,"2","6",81,85,25,15,11,10,11,3,13,13
2016,"2","7",54,52,12,11,11,9,4,3,11,12
2016,"2","8",79,93,15,13,21,11,8,5,16,15
2016,"2","9",88,95,22,12,9,11,4,3,17,15
2016,"2","10",95,89,12,13,10,13,9,4,10,15
2016,"2","11",90,87,16,12,29,11,6,5,35,15
2016,"2","12",79,102,13,16,8,13,3,4,10,17
2016,"2","13",96,80,11,14,12,11,3,4,9,13
2016,"2","14",48,51,6,12,11,8,1,3,6,12
2016,"2","15",88,91,13,11,14,12,8,4,8,15
2016,"2","16",90,93,14,11,9,12,7,4,9,14
2016,"2","17",118,89,12,12,23,11,12,4,25,13
2016,"2","18",109,95,13,12,11,12,4,5,12,15
2016,"2","19",107,103,19,12,13,12,7,5,13,14
2016,"2","20",97,89,13,14,9,10,8,4,23,12
2016,"2","21",38,56,8,12,9,9,7,4,18,12
2016,"2","22",99,96,12,10,13,12,9,5,14,16
2016,"2","23",86,98,14,13,10,11,4,5,14,16
2016,"2","24",88,92,11,12,6,11,6,5,8,16
2016,"2","25",82,87,10,12,13,11,3,5,16,15
2016,"2","26",106,96,15,12,7,10,6,4,12,14
2016,"2","27",91,83,11,13,15,10,2,4,10,12
2016,"2","28",44,53,13,12,8,9,4,3,17,11
2016,"2","29",100,92,10,11,10,12,6,4,18,15
2016,"3","1",107,97,17,12,7,11,4,4,14,15
2016,"3","2",79,95,9,12,12,12,4,4,12,15
2016,"3","3",87,90,9,12,8,11,3,4,21,15
2016,"3","4",93,98,9,11,19,11,3,4,17,15
2016,"3","5",104,85,18,13,19,11,8,3,16,13
2016,"3","6",52,54,9,12,13,12,3,3,13,12
2016,"3","7",121,95,16,12,15,15,6,4,18,16
2016,"3","8",100,102,12,12,4,12,9,4,13,16
2016,"3","9",84,97,10,11,10,12,7,5,17,15
2016,"3","10",108,93,13,11,18,12,7,5,23,16
2016,"3","11",124,106,17,13,12,13,7,4,9,16
2016,"3","12",93,92,13,14,7,12,13,5,9,12
2016,"3","13",53,56,12,10,9,9,3,4,18,11
2016,"3","14",98,98,14,12,18,14,11,6,31,15
2016,"3","15",89,103,22,11,7,13,2,5,15,16
2016,"3","16",96,95,12,12,12,13,4,5,16,16
2016,"3","17",111,93,14,13,14,12,16,4,26,17
2016,"3","18",116,105,12,12,16,12,6,5,14,17
2016,"3","19",85,91,20,16,9,10,6,5,27,13
2016,"3","20",48,31,7,9,9,8,4,3,17,10
2016,"3","21",37,47,15,10,4,9,3,5,23,13
2016,"3","22",78,89,15,11,8,11,2,4,15,17
2016,"3","23",87,85,10,12,8,12,3,4,20,17
2016,"3","24",29,46,7,9,5,9,3,4,6,13
2016,"3","25",16,45,4,9,2,8,4,3,8,12
2016,"3","26",48,64,13,11,6,8,3,3,14,12
2016,"3","27",43,22,11,8,12,7,3,3,6,9
2016,"3","28",91,76,14,11,24,13,5,3,21,13
2016,"3","29",79,85,15,11,11,13,2,3,14,15
2016,"3","30",88,80,13,11,12,12,4,3,25,15
2016,"3","31",82,83,10,10,13,13,6,3,22,17
2016,"4","1",83,93,6,12,17,12,4,4,21,15
2016,"4","2",60,81,11,14,5,11,2,4,5,13
2016,"4","3",23,47,9,10,6,9,3,3,5,11
2016,"4","4",102,81,6,8,7,11,8,4,15,13
2016,"4","5",102,88,11,10,8,10,7,5,19,13
2016,"4","6",111,88,23,9,8,10,5,5,17,13
2016,"4","7",90,89,11,11,7,11,3,4,8,14
2016,"4","8",136,97,17,13,14,9,16,4,26,13
2016,"4","9",77,93,11,13,10,9,15,5,14,12
2016,"4","10",68,55,12,10,8,8,3,5,15,11
2016,"4","11",96,98,17,13,11,11,12,6,14,14
2016,"4","12",105,100,7,12,7,10,1,5,29,15
2016,"4","13",83,97,10,11,16,9,3,6,10,15
2016,"4","14",96,92,14,12,12,12,6,4,9,15
2016,"4","15",120,98,12,13,14,12,9,5,17,13
2016,"4","16",88,89,11,13,11,9,2,5,11,11
2016,"4","17",47,54,19,11,9,9,6,3,13,10
2016,"4","18",111,94,15,11,8,12,8,4,17,13
2016,"4","19",97,98,15,12,6,11,7,5,8,14
2016,"4","20",104,94,9,11,13,10,4,5,25,13
2016,"4","21",98,95,15,12,12,11,9,5,14,15
2016,"4","22",63,102,13,13,8,10,1,4,12,13
2016,"4","23",86,81,10,14,8,9,3,4,9,11
2016,"4","24",47,50,8,12,18,8,7,3,23,10
2016,"4","25",90,92,12,12,16,13,6,4,14,14
2016,"4","26",92,93,11,11,16,12,1,4,16,14
2016,"4","27",97,90,12,12,10,12,3,4,24,14
2016,"4","28",102,88,11,11,12,12,6,4,21,15
2016,"4","29",111,100,14,12,15,11,3,4,14,14
2016,"4","30",85,88,13,13,20,10,6,4,11,12
2016,"5","1",54,30,11,9,10,8,3,3,16,10
2016,"5","2",79,96,7,11,13,14,5,4,15,16
2016,"5","3",88,96,7,11,15,11,2,4,15,16
2016,"5","4",83,92,8,11,18,12,5,4,24,16
2016,"5","5",104,90,13,11,12,13,4,4,18,17
2016,"5","6",123,99,20,12,10,12,7,4,21,16
2016,"5","7",120,89,14,13,8,11,2,4,8,14
2016,"5","8",56,56,15,12,9,9,4,3,9,12
2016,"5","9",53,49,8,9,9,8,8,4,6,12
2016,"5","10",102,94,8,12,9,10,7,4,21,15
2016,"5","11",105,94,10,11,13,10,3,5,16,15
2016,"5","12",89,93,10,12,13,12,8,4,18,16
2016,"5","13",109,100,15,12,9,12,6,4,12,16
2016,"5","14",80,86,12,13,5,10,1,5,13,13
2016,"5","15",55,52,16,10,14,8,3,3,9,12
2016,"5","16",106,95,16,12,14,14,5,4,13,15
2016,"5","17",123,99,17,13,14,13,4,4,16,15
2016,"5","18",89,100,10,12,10,12,4,4,17,15
2016,"5","19",113,95,15,12,16,12,4,4,19,16
2016,"5","20",82,107,12,14,8,12,3,4,22,16
2016,"5","21",100,88,11,14,17,11,5,4,11,14
2016,"5","22",40,55,11,12,9,9,2,3,20,13
2016,"5","23",105,95,10,10,14,14,3,4,14,17
2016,"5","24",88,98,16,13,11,12,4,4,20,16
2016,"5","25",88,94,8,11,19,12,6,4,18,17
2016,"5","26",103,91,9,11,10,12,5,4,25,17
2016,"5","27",79,102,14,12,13,11,5,4,16,17
2016,"5","28",71,84,14,13,11,10,4,3,25,14
2016,"5","29",39,51,7,10,7,10,0,0,14,14
2016,"5","30",34,43,4,8,4,8,4,4,16,14
2016,"5","31",39,83,3,9,7,10,6,4,17,18
2016,"6","1",79,75,13,9,12,9,5,4,14,16
2016,"6","2",90,75,9,11,12,11,7,4,19,15
2016,"6","3",89,86,17,10,14,10,0,0,12,15
2016,"6","4",84,75,17,12,7,10,3,3,16,12
2016,"6","5",38,47,15,10,5,9,2,3,12,11
2016,"6","6",39,42,11,8,4,8,4,4,11,12
2016,"6","7",97,82,8,11,17,9,7,4,23,15
2016,"6","8",83,85,7,12,3,9,4,4,14,15
2016,"6","9",81,81,10,11,10,10,2,5,17,15
2016,"6","10",80,90,13,12,11,9,5,3,19,15
2016,"6","11",88,77,19,13,10,9,2,3,16,13
2016,"6","12",56,49,13,11,10,9,3,3,22,12
2016,"6","13",92,91,8,12,13,11,2,4,18,16
2016,"6","14",90,93,4,12,13,10,16,4,27,16
2016,"6","15",115,91,5,10,7,9,8,4,13,17
2016,"6","16",83,90,17,12,12,9,5,6,17,16
2016,"6","17",98,99,13,12,7,11,4,4,12,15
2016,"6","18",102,84,18,12,21,10,2,4,23,12
2016,"6","19",59,55,10,11,8,8,8,3,11,12
2016,"6","20",84,95,14,11,12,12,13,5,20,15
2016,"6","21",94,97,11,11,19,10,8,5,11,16
2016,"6","22",106,92,13,13,13,11,4,5,8,15
2016,"6","23",94,91,10,13,19,13,9,5,29,14
2016,"6","24",73,103,11,12,6,10,1,4,16,15
2016,"6","25",89,81,12,12,4,10,6,5,9,12
2016,"6","26",52,50,7,11,6,8,7,3,15,11
2016,"6","27",84,91,14,10,7,10,6,5,13,15
2016,"6","28",98,91,10,11,21,10,1,4,16,14
2016,"6","29",79,91,12,13,4,11,8,4,13,14
2016,"6","30",41,85,5,10,2,10,5,4,14,15
2016,"7","1",89,89,13,10,6,8,2,4,5,15
2016,"7","2",84,77,16,12,10,9,13,4,10,11
2016,"7","3",38,49,7,10,8,8,5,3,8,11
2016,"7","4",45,42,8,7,8,7,2,5,13,11
2016,"7","5",90,83,12,10,9,9,8,4,21,14
2016,"7","6",78,84,9,10,15,10,4,4,15,15
2016,"7","7",88,84,19,11,10,11,8,5,13,15
2016,"7","8",104,92,13,12,7,11,2,4,15,15
2016,"7","9",116,82,15,13,12,9,5,4,19,12
2016,"7","10",54,54,13,10,11,9,1,3,16,12
2016,"7","11",78,98,17,12,9,12,5,4,22,15
2016,"7","12",95,97,12,12,8,11,5,4,19,17
2016,"7","13",97,94,11,12,6,9,4,4,14,16
2016,"7","14",94,92,16,11,7,10,1,4,19,16
2016,"7","15",116,101,11,12,13,10,5,3,32,16
2016,"7","16",77,91,9,14,13,9,4,4,14,14
2016,"7","17",62,54,7,11,10,8,3,3,18,13
2016,"7","18",103,97,14,11,13,11,3,4,22,17
2016,"7","19",99,102,19,12,6,11,5,4,22,17
2016,"7","20",51,54,11,9,6,8,4,4,11,13
2016,"7","21",92,86,4,11,7,10,2,4,22,17
2016,"7","22",84,96,13,11,12,9,3,4,13,16
2016,"7","23",97,82,14,13,10,9,3,3,15,13
2016,"7","24",44,52,8,11,7,8,2,3,15,12
2016,"7","25",88,91,8,10,18,11,9,4,19,16
2016,"7","26",99,95,10,11,10,10,4,4,14,16
2016,"7","27",112,93,17,10,14,11,11,4,23,15
2016,"7","28",96,95,19,11,17,11,4,4,12,16
2016,"7","29",116,104,7,14,13,12,1,4,17,15
2016,"7","30",85,91,16,14,10,10,2,4,17,13
2016,"7","31",62,55,11,10,11,9,3,3,9,12
2016,"8","1",91,98,13,13,26,15,5,4,21,15
2016,"8","2",107,103,14,14,18,15,4,4,19,16
2016,"8","3",108,98,13,14,10,15,6,4,19,16
2016,"8","4",93,96,12,11,19,14,8,4,34,17
2016,"8","5",110,107,13,13,17,14,4,4,19,18
2016,"8","6",97,91,20,15,17,13,6,4,13,14
2016,"8","7",71,31,8,10,7,9,3,3,14,10
2016,"8","8",84,100,9,12,21,14,5,5,21,17
2016,"8","9",117,102,10,13,11,14,4,4,11,17
2016,"8","10",92,98,15,12,10,14,7,5,21,15
2016,"8","11",106,96,10,11,18,12,0,0,18,16
2016,"8","12",96,106,14,14,7,14,10,4,15,15
2016,"8","13",107,88,10,12,14,11,8,5,11,13
2016,"8","14",50,56,14,11,3,9,0,0,5,12
2016,"8","15",37,95,5,10,9,13,4,4,10,14
2016,"8","16",104,89,11,11,12,11,9,4,24,15
2016,"8","17",97,91,10,10,12,12,6,5,22,15
2016,"8","18",101,90,12,11,23,12,14,6,20,16
2016,"8","19",112,101,11,11,9,12,3,5,24,16
2016,"8","20",86,87,9,13,11,12,6,6,27,14
2016,"8","21",57,54,10,9,11,9,3,3,9,14
2016,"8","22",101,96,17,11,15,15,4,5,12,16
2016,"8","23",109,100,15,13,10,13,6,4,12,16
2016,"8","24",86,97,13,12,15,13,4,5,16,15
2016,"8","25",108,94,19,12,13,14,9,4,17,15
2016,"8","26",113,104,9,13,11,13,9,4,12,14
2016,"8","27",81,90,13,15,5,10,3,5,14,12
2016,"8","28",49,54,10,11,5,10,2,3,16,12
2016,"8","29",88,95,10,12,30,13,3,4,13,15
2016,"8","30",73,99,11,13,12,14,4,4,19,15
2016,"8","31",67,91,7,11,11,14,2,4,10,16
2016,"9","1",87,83,15,11,10,12,2,4,21,15
2016,"9","2",101,93,21,11,14,13,6,3,23,15
2016,"9","3",87,83,20,13,24,12,4,3,15,13
2016,"9","4",52,52,11,12,9,11,0,0,12,12
2016,"9","5",101,90,12,12,10,15,3,4,11,16
2016,"9","6",105,95,13,13,9,12,2,4,18,15
2016,"9","7",89,95,11,12,10,13,2,4,20,15
2016,"9","8",115,92,10,12,10,13,6,4,12,16
2016,"9","9",81,103,10,14,9,11,4,4,17,14
2016,"9","10",98,86,16,13,10,10,2,4,16,13
2016,"9","11",56,54,8,11,12,10,4,3,3,12
2016,"9","12",101,95,12,11,20,13,7,4,19,14
2016,"9","13",84,100,14,12,9,11,4,4,16,15
2016,"9","14",89,93,10,12,14,13,6,4,13,15
2016,"9","15",110,89,13,11,14,12,12,4,21,15
2016,"9","16",114,103,18,12,13,12,4,5,19,15
2016,"9","17",109,90,18,14,9,11,1,5,10,13
2016,"9","18",51,56,10,12,6,11,2,3,13,12
2016,"9","19",84,97,13,12,14,13,5,4,13,15
2016,"9","20",106,99,15,12,7,12,4,4,10,15
2016,"9","21",84,95,22,13,19,12,9,4,14,14
2016,"9","22",104,93,9,12,23,14,7,3,12,15
2016,"9","23",101,103,19,16,18,13,1,4,29,14
2016,"9","24",94,89,15,14,15,13,4,3,16,13
2016,"9","25",65,54,7,12,7,10,3,3,8,12
2016,"9","26",94,96,15,12,16,14,2,5,17,15
2016,"9","27",92,100,6,13,16,14,7,4,17,16
2016,"9","28",76,96,16,11,28,12,6,4,19,15
2016,"9","29",81,92,13,13,12,16,7,3,18,16
2016,"9","30",85,96,13,12,5,13,7,4,16,15
2016,"10","1",84,81,16,12,13,9,3,4,7,13
2016,"10","2",66,50,15,12,16,10,2,3,8,11
2016,"10","3",106,92,21,14,12,15,1,4,13,14
2016,"10","4",104,97,7,15,22,13,5,4,12,14
2016,"10","5",102,97,11,13,6,11,5,4,17,14
2016,"10","6",111,94,14,12,13,12,2,4,23,15
2016,"10","7",130,107,13,13,22,11,8,3,20,15
2016,"10","8",105,97,12,15,8,11,3,4,13,13
2016,"10","9",57,58,17,12,11,9,6,3,17,12
2016,"10","10",98,102,10,11,18,12,5,4,14,16
2016,"10","11",89,104,8,12,15,12,9,4,25,15
2016,"10","12",103,99,20,11,9,11,5,4,16,16
2016,"10","13",84,94,13,12,9,12,0,0,14,16
2016,"10","14",111,99,16,13,16,12,4,4,10,15
2016,"10","15",90,87,9,16,10,11,2,4,22,12
2016,"10","16",59,54,7,12,6,9,2,3,10,12
2016,"10","17",50,47,8,9,6,7,6,4,15,11
2016,"10","18",106,91,8,11,14,10,13,4,24,16
2016,"10","19",91,92,16,10,10,10,3,5,11,16
2016,"10","20",88,88,16,11,10,11,3,5,17,15
2016,"10","21",119,96,11,11,9,11,7,3,11,15
2016,"10","22",75,86,18,13,10,10,4,5,13,12
2016,"10","23",49,52,19,11,11,9,8,3,15,11
2016,"10","24",98,94,17,13,10,13,6,4,12,15
2016,"10","25",100,96,9,13,18,11,4,4,20,14
2016,"10","26",85,96,5,14,7,11,5,4,18,15
2016,"10","27",107,90,10,11,19,10,11,5,18,16
2016,"10","28",125,102,14,13,15,11,4,5,16,15
2016,"10","29",88,91,16,15,17,11,3,5,19,13
2016,"10","30",46,56,10,11,9,10,6,3,17,12
2016,"10","31",103,96,8,10,13,11,3,4,19,16
2016,"11","1",101,100,5,11,19,12,5,5,14,15
2016,"11","2",103,98,11,11,14,12,5,4,13,15
2016,"11","3",104,95,13,11,23,13,7,4,10,14
2016,"11","4",103,105,8,14,14,12,6,4,26,13
2016,"11","5",96,91,11,12,10,11,7,4,6,12
2016,"11","6",50,55,11,10,10,10,3,3,12,10
2016,"11","7",37,48,8,8,9,9,7,5,13,11
2016,"11","8",96,89,12,10,19,11,4,4,6,14
2016,"11","9",94,88,13,12,9,13,6,4,8,12
2016,"11","10",71,86,13,11,18,12,13,4,16,13
2016,"11","11",90,93,14,12,10,11,6,4,28,13
2016,"11","12",91,81,9,12,6,11,12,5,18,12
2016,"11","13",54,50,14,10,9,8,2,4,8,11
2016,"11","14",39,45,6,9,13,9,6,5,10,11
2016,"11","15",103,87,21,11,9,11,6,4,22,15
2016,"11","16",78,87,6,10,16,12,5,5,21,14
2016,"11","17",98,86,15,11,14,11,2,4,24,15
2016,"11","18",106,96,14,12,15,13,4,4,19,15
2016,"11","19",99,85,9,15,7,11,2,4,16,13
2016,"11","20",46,53,11,10,9,9,2,3,12,12
2016,"11","21",123,94,17,12,19,13,9,4,15,15
2016,"11","22",85,103,13,14,14,13,4,4,9,14
2016,"11","23",112,96,12,12,13,12,4,4,11,13
2016,"11","24",96,95,7,12,12,13,1,4,14,13
2016,"11","25",103,104,12,12,28,12,8,4,13,13
2016,"11","26",86,91,17,14,10,12,4,4,8,11
2016,"11","27",63,54,11,12,6,11,1,3,10,10
2016,"11","28",94,95,12,12,14,13,2,4,11,13
2016,"11","29",78,99,9,12,14,12,5,4,10,13
2016,"11","30",104,92,12,12,7,13,9,4,9,13
2016,"12","1",63,88,13,11,5,10,4,5,11,13
2016,"12","2",102,92,10,12,8,9,6,4,17,13
2016,"12","3",82,81,13,12,9,9,6,4,8,11
2016,"12","4",54,50,11,10,6,8,5,3,14,10
2016,"12","5",110,89,6,10,19,11,3,5,16,13
2016,"12","6",93,98,12,12,13,10,5,4,13,14
2016,"12","7",106,92,9,11,11,11,3,4,7,13
2016,"12","8",41,50,8,9,6,9,2,5,15,11
2016,"12","9",92,91,10,10,7,10,3,3,15,13
2016,"12","10",85,79,15,12,5,9,1,4,28,11
2016,"12","11",61,50,9,9,6,8,2,3,9,11
2016,"12","12",107,88,11,11,7,11,0,0,7,14
2016,"12","13",102,93,7,11,6,10,1,4,8,14
2016,"12","14",85,91,9,11,12,9,2,4,15,13
2016,"12","15",105,90,16,10,8,10,2,3,7,13
2016,"12","16",116,99,18,12,12,11,8,3,20,12
2016,"12","17",102,90,15,12,14,10,2,3,16,11
2016,"12","18",69,56,11,11,8,9,1,3,9,10
2016,"12","19",89,98,19,12,8,12,9,4,14,13
2016,"12","20",120,98,9,11,15,10,5,4,15,14
2016,"12","21",108,100,8,13,23,11,8,5,30,13
2016,"12","22",96,101,9,12,7,12,4,4,12,15
2016,"12","23",102,103,18,12,8,10,4,4,13,14
2016,"12","24",61,88,22,13,6,8,2,4,11,12
2016,"12","25",35,28,14,9,10,7,0,0,17,9
2016,"12","26",70,89,17,10,6,12,3,4,11,14
2016,"12","27",80,87,8,12,13,10,5,4,12,14
2016,"12","28",103,84,4,13,12,10,4,4,13,14
2016,"12","29",68,85,9,13,7,10,6,4,15,13
2016,"12","30",80,89,19,12,12,9,8,4,15,13
2016,"12","31",36,43,18,11,12,7,5,4,17,9
2017,"1","1",42,23,16,8,10,7,4,3,14,8
2017,"1","2",55,75,8,11,3,11,3,4,22,13
2017,"1","3",73,75,10,11,10,9,4,4,5,14
2017,"1","4",53,71,7,12,11,9,3,4,7,13
2017,"1","5",60,68,8,11,8,10,6,4,27,13
2017,"1","6",57,75,5,11,7,9,5,4,11,13
2017,"1","7",62,63,8,11,8,8,4,4,10,10
2017,"1","8",29,39,10,9,2,8,6,3,11,10
2017,"1","9",36,39,3,6,3,8,2,4,13,10
2017,"1","10",65,69,13,9,5,8,3,4,15,13
2017,"1","11",87,68,11,9,9,8,5,4,17,13
2017,"1","12",68,70,6,10,6,10,4,4,13,13
2017,"1","13",98,77,8,10,19,9,7,4,18,13
2017,"1","14",87,71,6,12,9,8,6,4,7,11
2017,"1","15",51,44,4,10,13,8,5,3,15,9
2017,"1","16",108,82,17,10,21,10,8,4,15,12
2017,"1","17",92,89,7,11,17,12,4,4,11,13
2017,"1","18",79,85,11,11,11,11,5,5,10,12
2017,"1","19",103,80,9,10,22,12,6,4,11,13
2017,"1","20",102,92,15,12,11,11,3,4,8,12
2017,"1","21",80,78,12,13,5,11,0,0,16,10
2017,"1","22",45,47,9,11,9,8,7,3,17,9
2017,"1","23",99,83,5,10,13,10,6,4,9,13
2017,"1","24",108,86,12,11,6,10,3,5,11,12
2017,"1","25",74,85,5,11,13,10,3,4,10,12
2017,"1","26",95,80,13,11,13,10,4,4,10,12
2017,"1","27",118,88,8,11,18,11,8,4,16,11
2017,"1","28",79,81,14,13,8,9,3,4,4,10
2017,"1","29",45,47,8,10,10,9,1,3,9,9
2017,"1","30",84,84,9,10,9,11,8,4,11,12
2017,"1","31",112,84,11,10,11,9,5,4,9,12
2017,"2","1",89,93,8,12,11,10,5,5,10,13
2017,"2","2",100,90,11,11,12,10,2,4,15,14
2017,"2","3",97,99,18,13,8,11,4,4,27,14
2017,"2","4",82,87,12,12,13,9,2,3,12,13
2017,"2","5",70,52,16,11,14,8,6,3,12,12
2017,"2","6",93,97,11,13,11,13,6,4,16,15
2017,"2","7",106,98,12,12,14,11,1,4,26,16
2017,"2","8",95,97,13,12,14,11,8,4,11,16
2017,"2","9",88,93,13,12,10,12,3,4,20,16
2017,"2","10",126,100,15,13,6,11,4,4,12,16
2017,"2","11",77,89,15,14,11,9,7,4,18,12
2017,"2","12",42,54,17,11,6,8,4,3,14,12
2017,"2","13",85,92,7,11,5,12,2,4,11,16
2017,"2","14",112,93,9,12,3,8,5,4,18,15
2017,"2","15",110,93,6,10,4,9,4,4,7,15
2017,"2","16",107,92,10,11,6,9,10,5,15,14
2017,"2","17",122,102,6,11,5,9,2,4,9,14
2017,"2","18",98,90,16,13,7,8,5,5,20,11
2017,"2","19",56,57,10,10,9,8,3,3,6,11
2017,"2","20",125,99,10,11,16,11,4,4,17,14
2017,"2","21",121,107,9,11,12,10,8,4,26,15
2017,"2","22",126,106,10,10,7,11,7,5,21,16
2017,"2","23",106,103,15,10,12,10,5,5,14,16
2017,"2","24",106,111,6,13,14,11,12,4,25,16
2017,"2","25",96,96,18,12,13,9,6,5,13,14
2017,"2","26",52,58,11,11,12,9,3,4,11,12
2017,"2","27",91,99,13,12,11,13,9,4,13,15
2017,"2","28",101,99,6,11,11,11,1,5,29,16
2017,"3","1",97,97,7,11,19,12,5,5,16,16
2017,"3","2",84,94,8,11,13,13,1,4,10,16
2017,"3","3",74,99,9,13,11,14,5,4,16,15
2017,"3","4",109,82,16,12,9,10,1,3,13,13
2017,"3","5",44,53,21,11,6,10,2,3,8,11
2017,"3","6",77,92,12,10,19,15,3,3,10,14
2017,"3","7",104,93,16,13,10,13,5,3,17,14
2017,"3","8",105,92,13,11,22,11,8,4,31,14
2017,"3","9",103,95,11,12,14,13,6,4,13,16
2017,"3","10",95,103,7,14,16,14,9,4,12,15
2017,"3","11",81,87,16,15,16,11,3,4,14,13
2017,"3","12",41,53,14,11,4,12,3,3,11,12
2017,"3","13",72,92,14,10,9,15,4,4,16,14
2017,"3","14",111,92,7,12,17,12,3,4,15,15
2017,"3","15",95,93,9,11,11,13,3,4,13,15
2017,"3","16",83,90,20,11,10,12,10,4,15,15
2017,"3","17",90,97,15,12,13,13,2,4,15,15
2017,"3","18",81,83,7,14,8,11,3,4,10,12
2017,"3","19",60,51,9,11,7,8,1,3,4,11
2017,"3","20",43,45,7,9,9,8,4,4,12,11
2017,"3","21",112,88,12,11,13,10,7,3,14,14
2017,"3","22",82,89,15,11,9,12,6,4,10,14
2017,"3","23",58,86,9,11,11,12,8,4,9,14
2017,"3","24",88,90,8,12,19,11,4,4,13,14
2017,"3","25",66,80,8,13,16,11,3,4,16,11
2017,"3","26",66,48,11,10,8,10,1,3,15,11
2017,"3","27",81,90,9,11,9,14,3,4,14,14
2017,"3","28",99,91,11,11,12,12,5,4,9,15
2017,"3","29",88,89,11,11,18,13,9,4,12,14
2017,"3","30",108,90,8,11,23,13,7,4,22,15
2017,"3","31",106,103,10,12,15,13,7,4,18,15
2017,"4","1",109,88,20,12,10,11,11,4,12,11
2017,"4","2",50,55,10,10,7,10,6,4,2,11
2017,"4","3",106,95,12,11,16,12,2,6,26,13
2017,"4","4",96,102,12,12,11,12,6,5,12,14
2017,"4","5",90,96,10,11,12,11,1,4,16,13
2017,"4","6",107,92,8,12,13,11,7,5,18,14
2017,"4","7",109,103,12,12,12,11,3,4,27,14
2017,"4","8",83,90,13,12,6,10,2,4,15,12
2017,"4","9",31,29,15,9,12,7,3,3,12,9
2017,"4","10",100,91,9,10,9,13,8,3,14,15
2017,"4","11",82,94,5,11,8,10,3,4,13,15
2017,"4","12",124,89,13,10,4,10,1,4,18,13
2017,"4","13",34,50,11,9,5,8,0,0,10,11
2017,"4","14",25,49,5,9,4,8,5,3,12,11
2017,"4","15",48,69,6,11,3,8,6,3,14,11
2017,"4","16",33,23,10,7,9,5,4,3,10,9
2017,"4","17",89,77,9,8,10,11,6,4,4,13
2017,"4","18",91,81,7,11,17,10,6,4,22,13
2017,"4","19",72,82,11,10,10,9,4,4,21,14
2017,"4","20",99,80,6,10,11,12,7,4,17,14
2017,"4","21",79,93,8,11,8,9,2,4,10,14
2017,"4","22",95,79,10,12,9,9,2,4,15,12
2017,"4","23",54,51,13,10,17,9,4,3,4,11
2017,"4","24",96,91,15,12,10,13,4,4,14,13
2017,"4","25",108,94,14,11,14,11,6,4,14,13
2017,"4","26",128,94,7,11,8,11,14,4,18,13
2017,"4","27",106,96,10,11,8,10,4,5,4,13
2017,"4","28",117,105,15,12,9,11,9,5,15,12
2017,"4","29",85,92,20,13,7,10,4,4,13,11
2017,"4","30",42,55,3,10,8,9,4,4,10,10
2017,"5","1",52,53,9,8,10,9,4,5,19,12
2017,"5","2",117,92,8,11,20,10,13,4,21,16
2017,"5","3",91,94,5,11,10,11,12,5,23,16
2017,"5","4",94,90,10,10,9,10,6,6,14,17
2017,"5","5",105,97,19,12,15,11,5,5,13,17
2017,"5","6",101,86,12,12,7,12,7,4,16,14
2017,"5","7",41,54,7,10,3,9,0,0,11,12
2017,"5","8",94,94,10,9,11,11,4,5,21,15
2017,"5","9",88,97,11,11,6,10,6,5,27,16
2017,"5","10",95,93,11,10,9,11,6,5,12,18
2017,"5","11",92,90,5,11,9,11,8,5,17,17
2017,"5","12",102,99,12,11,11,10,11,4,18,17
2017,"5","13",89,86,13,12,11,10,8,5,6,14
2017,"5","14",67,52,13,11,10,8,5,4,14,12
2017,"5","15",100,96,8,11,12,13,10,5,28,16
2017,"5","16",93,102,13,10,7,10,3,5,12,17
2017,"5","17",76,94,7,11,17,12,10,5,22,16
2017,"5","18",89,91,13,10,4,11,6,5,24,18
2017,"5","19",117,98,14,10,10,11,5,5,13,18
2017,"5","20",75,87,11,13,7,10,2,4,10,14
2017,"5","21",51,52,9,10,9,9,2,3,10,13
2017,"5","22",89,92,13,11,11,12,6,4,22,15
2017,"5","23",103,96,12,11,11,11,5,4,20,16
2017,"5","24",90,94,9,12,6,11,4,4,19,16
2017,"5","25",74,91,10,10,12,11,4,4,23,17
2017,"5","26",108,97,21,12,12,11,5,3,13,18
2017,"5","27",75,85,10,14,6,11,6,4,22,14
2017,"5","28",53,52,5,10,5,8,9,3,14,14
2017,"5","29",60,45,8,8,10,7,8,5,14,13
2017,"5","30",101,90,10,11,9,10,6,4,22,17
2017,"5","31",86,89,5,10,16,11,9,5,39,17
2017,"6","1",100,90,9,10,12,10,5,5,25,18
2017,"6","2",101,97,13,10,12,10,8,5,16,17
2017,"6","3",99,84,14,12,7,9,5,5,15,14
2017,"6","4",52,52,6,10,6,8,2,4,14,13
2017,"6","5",81,94,10,10,4,11,9,5,18,15
2017,"6","6",101,93,7,10,6,9,7,5,18,15
2017,"6","7",117,92,8,10,6,9,23,5,25,15
2017,"6","8",79,94,9,9,6,8,8,7,18,16
2017,"6","9",97,98,15,10,10,9,6,6,18,16
2017,"6","10",95,84,14,12,10,8,6,4,17,13
2017,"6","11",56,53,5,10,6,8,3,4,14,12
2017,"6","12",92,94,6,10,10,10,12,6,15,15
2017,"6","13",94,96,13,10,4,9,1,6,19,15
2017,"6","14",113,91,9,11,11,10,10,5,27,15
2017,"6","15",85,94,7,11,8,9,9,5,26,16
2017,"6","16",91,100,9,10,12,9,4,5,15,16
2017,"6","17",93,84,9,12,7,9,1,4,19,14
2017,"6","18",59,52,17,10,13,7,1,3,13,13
2017,"6","19",53,47,9,10,4,8,5,4,11,12
2017,"6","20",83,88,7,10,10,10,4,4,15,15
2017,"6","21",69,85,11,10,11,9,6,4,26,15
2017,"6","22",90,83,11,10,10,11,5,4,14,16
2017,"6","23",88,91,9,11,6,10,1,4,16,14
2017,"6","24",71,78,8,13,5,9,9,4,10,13
2017,"6","25",47,47,6,9,6,7,2,3,13,11
2017,"6","26",47,43,1,7,9,7,3,5,20,11
2017,"6","27",82,85,12,9,9,8,4,4,18,15
2017,"6","28",95,82,9,10,10,10,4,4,15,15
2017,"6","29",77,83,11,10,7,10,8,4,15,15
2017,"6","30",97,89,8,10,10,10,7,4,14,15
2017,"7","1",88,81,13,12,8,8,6,4,12,12
2017,"7","2",48,51,9,9,4,8,4,3,3,11
2017,"7","3",39,44,7,8,12,7,3,5,10,11
2017,"7","4",91,87,19,11,4,9,3,4,18,14
2017,"7","5",94,85,9,10,10,10,3,4,23,14
2017,"7","6",88,87,3,10,3,9,5,4,15,15
2017,"7","7",99,93,11,10,9,9,2,4,21,15
2017,"7","8",93,83,14,12,13,8,3,4,16,13
2017,"7","9",51,52,11,11,9,8,1,3,16,12
2017,"7","10",82,95,13,11,10,12,5,4,18,16
2017,"7","11",95,96,7,11,8,10,4,3,19,16
2017,"7","12",80,93,8,10,11,10,3,4,18,16
2017,"7","13",89,89,14,10,10,10,4,4,12,16
2017,"7","14",118,97,9,12,11,11,0,0,20,15
2017,"7","15",75,88,17,13,10,9,13,4,22,13
2017,"7","16",59,53,5,9,14,8,2,3,13,12
2017,"7","17",106,95,7,12,6,12,6,5,15,15
2017,"7","18",102,99,9,11,5,9,11,4,24,16
2017,"7","19",113,97,13,9,4,8,10,5,18,16
2017,"7","20",55,53,6,8,9,7,3,6,8,13
2017,"7","21",109,97,16,12,8,9,3,5,12,15
2017,"7","22",81,86,9,12,2,9,2,4,13,12
2017,"7","23",48,52,8,10,5,7,2,4,5,11
2017,"7","24",108,91,11,9,6,10,11,4,20,13
2017,"7","25",105,98,14,11,10,9,5,5,27,15
2017,"7","26",96,97,10,10,14,10,8,5,17,16
2017,"7","27",100,95,8,11,12,9,3,4,15,16
2017,"7","28",113,103,10,11,7,10,2,4,11,16
2017,"7","29",95,90,15,13,7,9,2,4,14,13
2017,"7","30",52,56,6,11,11,8,5,3,14,11
2017,"7","31",109,98,16,10,13,11,3,4,13,15
2017,"8","1",113,101,14,12,10,14,9,4,15,15
2017,"8","2",105,100,12,11,12,11,2,4,18,15
2017,"8","3",105,98,11,12,10,13,5,4,11,16
2017,"8","4",143,106,14,14,20,13,13,4,41,14
2017,"8","5",83,102,15,13,9,11,4,5,13,14
2017,"8","6",64,58,9,12,12,11,6,4,9,13
2017,"8","7",62,56,12,10,19,10,3,4,13,13
2017,"8","8",87,98,12,12,15,13,4,4,23,17
2017,"8","9",113,93,11,11,11,14,8,4,25,16
2017,"8","10",97,94,6,11,9,13,7,5,11,17
2017,"8","11",97,99,11,12,15,12,13,5,19,16
2017,"8","12",87,87,9,12,12,11,5,5,7,14
2017,"8","13",58,52,10,10,12,10,2,4,8,12
2017,"8","14",110,95,12,10,8,14,5,4,15,14
2017,"8","15",95,100,13,11,14,12,5,5,17,15
2017,"8","16",114,97,16,11,12,12,3,5,21,15
2017,"8","17",121,97,15,12,9,13,3,5,12,16
2017,"8","18",124,108,8,13,14,12,7,4,17,15
2017,"8","19",83,96,10,14,15,11,6,4,16,13
2017,"8","20",40,58,4,11,11,10,2,3,9,12
2017,"8","21",58,48,14,8,5,9,7,4,12,12
2017,"8","22",89,92,8,11,10,12,7,4,10,16
2017,"8","23",100,89,12,11,10,11,5,5,13,14
2017,"8","24",89,88,15,10,8,13,7,5,18,15
2017,"8","25",103,95,12,11,16,12,1,4,11,15
2017,"8","26",91,84,11,13,13,11,5,4,12,12
2017,"8","27",57,53,7,10,8,10,3,3,6,11
2017,"8","28",103,94,18,10,11,13,5,5,28,14
2017,"8","29",113,101,14,12,23,12,9,4,13,16
2017,"8","30",64,100,15,13,18,14,7,4,10,15
2017,"8","31",61,91,4,11,19,16,11,4,14,16
2017,"9","1",135,94,15,13,15,11,6,4,16,15
2017,"9","2",71,87,13,14,12,11,8,5,14,12
2017,"9","3",59,52,11,11,7,10,5,3,5,11
2017,"9","4",103,91,16,11,14,13,3,6,15,14
2017,"9","5",108,97,14,12,9,13,9,4,12,15
2017,"9","6",108,95,13,11,16,12,11,5,25,14
2017,"9","7",106,98,9,13,16,12,11,6,25,15
2017,"9","8",73,107,12,12,11,12,4,5,25,16
2017,"9","9",72,87,9,13,11,11,3,4,21,14
2017,"9","10",50,52,6,11,9,10,2,3,10,14
2017,"9","11",100,91,14,10,14,13,4,5,11,16
2017,"9","12",92,95,9,11,20,12,5,4,14,16
2017,"9","13",89,92,10,11,18,12,2,4,13,15
2017,"9","14",105,89,20,12,9,14,5,4,11,14
2017,"9","15",108,99,12,12,13,13,4,3,13,14
2017,"9","16",95,88,17,14,8,10,6,4,12,12
2017,"9","17",62,54,8,10,12,10,3,3,11,11
2017,"9","18",100,97,9,13,25,13,11,4,22,14
2017,"9","19",112,104,13,11,13,13,2,4,15,16
2017,"9","20",75,99,14,13,14,14,3,5,10,15
2017,"9","21",100,92,9,12,8,13,5,3,10,15
2017,"9","22",102,100,6,12,11,13,3,4,17,14
2017,"9","23",104,88,14,13,7,10,4,4,14,12
2017,"9","24",37,54,11,10,10,9,6,3,9,11
2017,"9","25",104,93,10,10,7,12,10,4,8,14
2017,"9","26",89,96,15,11,6,11,7,5,9,14
2017,"9","27",77,92,12,10,14,11,8,5,18,14
2017,"9","28",82,89,10,11,17,12,4,4,12,15
2017,"9","29",93,96,9,13,15,12,4,4,34,14
2017,"9","30",102,84,7,13,9,11,5,4,19,14
2017,"10","1",61,53,6,10,7,8,6,4,18,13
2017,"10","2",136,94,9,11,16,11,7,5,19,17
2017,"10","3",100,105,8,11,19,11,4,5,22,17
2017,"10","4",90,102,9,10,12,11,4,4,16,16
2017,"10","5",99,96,8,10,13,12,6,4,19,16
2017,"10","6",92,106,12,11,12,10,4,4,14,16
2017,"10","7",80,88,14,12,4,10,8,4,4,13
2017,"10","8",49,52,6,9,10,9,2,3,16,11
2017,"10","9",73,92,3,10,10,11,7,4,9,15
2017,"10","10",92,91,13,10,13,10,6,4,16,14
2017,"10","11",86,89,5,10,10,11,6,4,13,14
2017,"10","12",81,86,11,10,13,10,3,5,10,15
2017,"10","13",98,94,14,11,9,11,2,4,12,14
2017,"10","14",85,82,10,12,7,10,8,4,15,12
2017,"10","15",48,51,15,10,6,8,2,3,12,11
2017,"10","16",48,45,10,9,9,8,4,4,11,11
2017,"10","17",108,87,15,11,8,9,2,3,19,15
2017,"10","18",88,88,9,11,9,10,6,4,12,15
2017,"10","19",76,87,8,12,15,10,5,4,5,15
2017,"10","20",113,93,8,12,13,10,1,4,10,14
2017,"10","21",104,83,15,14,9,10,5,4,18,11
2017,"10","22",38,53,11,10,9,9,2,3,11,11
2017,"10","23",83,93,9,10,20,12,4,4,16,14
2017,"10","24",79,96,11,11,21,11,7,3,20,15
2017,"10","25",100,91,18,12,15,12,4,4,19,16
2017,"10","26",83,90,5,11,8,13,6,4,13,16
2017,"10","27",106,95,12,13,15,10,3,4,10,15
2017,"10","28",93,84,6,14,17,10,10,4,12,12
2017,"10","29",45,53,12,11,9,9,5,3,3,11
2017,"10","30",99,91,9,10,14,12,2,5,14,13
2017,"10","31",108,97,9,11,12,9,7,4,17,14
2017,"11","1",92,96,8,10,16,11,3,4,17,13
2017,"11","2",107,94,6,11,10,12,3,4,14,14
2017,"11","3",98,103,9,11,16,11,4,4,7,14
2017,"11","4",82,88,9,13,12,10,10,4,13,11
2017,"11","5",50,53,8,9,9,9,3,3,6,10
2017,"11","6",40,46,10,8,4,8,6,5,12,10
2017,"11","7",89,87,15,9,8,10,1,3,15,14
2017,"11","8",81,85,25,10,14,11,4,4,18,13
2017,"11","9",89,84,8,11,8,14,7,3,15,14
2017,"11","10",87,92,10,13,9,10,0,0,4,14
2017,"11","11",72,78,15,13,8,9,5,4,9,11
2017,"11","12",45,48,9,11,6,9,6,3,15,10
2017,"11","13",52,44,8,9,4,7,1,4,13,10
2017,"11","14",114,85,16,12,7,10,6,4,26,13
2017,"11","15",83,89,10,10,12,11,12,4,17,15
2017,"11","16",109,87,14,10,20,10,6,5,23,15
2017,"11","17",110,100,8,13,13,12,8,5,15,15
2017,"11","18",104,87,7,13,6,10,6,4,13,12
2017,"11","19",45,54,5,9,5,8,2,4,11,11
2017,"11","20",82,96,9,9,9,11,6,5,11,14
2017,"11","21",70,95,10,10,11,11,3,4,13,14
2017,"11","22",98,90,10,10,22,11,7,4,16,14
2017,"11","23",89,90,11,11,5,12,4,4,11,14
2017,"11","24",103,95,5,10,26,11,5,4,8,13
2017,"11","25",80,85,15,13,7,11,6,4,6,11
2017,"11","26",58,51,12,10,9,11,4,3,7,10
2017,"11","27",111,92,10,11,8,13,4,4,8,12
2017,"11","28",99,98,16,11,11,12,5,4,10,12
2017,"11","29",99,95,10,10,8,12,6,4,17,13
2017,"11","30",89,93,13,10,13,11,6,5,14,13
2017,"12","1",99,100,11,13,14,10,8,4,17,13
2017,"12","2",105,86,13,13,7,9,4,4,14,11
2017,"12","3",52,54,11,10,9,8,0,0,13,11
2017,"12","4",92,94,10,11,8,11,4,4,14,14
2017,"12","5",122,95,15,11,12,10,4,4,14,14
2017,"12","6",93,97,10,11,16,11,5,5,6,13
2017,"12","7",97,93,11,12,14,12,4,4,20,13
2017,"12","8",59,57,8,10,12,8,4,4,7,11
2017,"12","9",93,80,13,14,11,9,4,3,12,11
2017,"12","10",50,51,3,11,5,9,4,3,13,10
2017,"12","11",111,90,17,10,14,10,3,4,12,13
2017,"12","12",100,95,6,12,8,11,7,4,10,13
2017,"12","13",76,92,13,10,6,9,4,4,7,13
2017,"12","14",78,86,6,10,15,10,3,4,8,13
2017,"12","15",112,95,11,12,8,9,5,4,10,12
2017,"12","16",81,83,14,12,14,10,2,4,13,10
2017,"12","17",64,52,10,11,10,9,1,3,9,10
2017,"12","18",99,92,14,11,15,12,2,4,15,13
2017,"12","19",105,97,12,12,6,11,7,3,14,13
2017,"12","20",105,93,13,11,17,10,2,4,12,13
2017,"12","21",98,94,7,13,13,11,3,4,11,14
2017,"12","22",121,102,10,13,14,11,3,3,11,13
2017,"12","23",113,90,13,14,13,9,5,4,12,11
2017,"12","24",51,57,17,13,5,8,7,3,11,10
2017,"12","25",41,54,11,9,11,10,6,4,9,10
2017,"12","26",78,91,11,13,6,10,3,4,18,13
2017,"12","27",59,86,8,10,15,10,3,4,8,14
2017,"12","28",78,81,8,12,15,10,4,4,16,14
2017,"12","29",70,88,10,13,22,10,2,4,18,13
2017,"12","30",57,75,13,14,9,10,2,3,6,12
2017,"12","31",37,44,10,10,9,8,7,2,12,10
2018,"1","1",39,41,9,8,9,8,1,4,12,10
2018,"1","2",73,72,8,10,11,10,7,3,16,13
2018,"1","3",78,71,15,10,4,9,4,3,8,12
2018,"1","4",63,69,8,10,14,10,2,4,13,13
2018,"1","5",44,77,12,12,12,10,2,3,22,12
2018,"1","6",56,64,11,12,8,9,0,0,10,11
2018,"1","7",33,39,5,11,4,8,2,3,5,10
2018,"1","8",25,39,5,7,7,8,3,4,6,10
2018,"1","9",68,68,3,10,15,9,4,3,16,12
2018,"1","10",80,68,9,10,11,9,1,3,16,12
2018,"1","11",69,69,9,10,6,10,6,3,15,12
2018,"1","12",70,76,12,10,9,9,0,0,9,12
2018,"1","13",45,65,5,11,5,9,2,3,10,10
2018,"1","14",40,39,3,8,6,7,3,3,8,10
2018,"1","15",85,73,10,8,12,9,6,4,13,12
2018,"1","16",74,78,10,10,6,9,4,4,24,12
2018,"1","17",93,75,10,9,9,9,8,4,20,13
2018,"1","18",76,76,14,9,12,9,2,4,15,13
2018,"1","19",104,83,6,11,13,10,2,4,20,13
2018,"1","20",74,75,11,12,14,8,4,4,19,12
2018,"1","21",56,46,9,10,8,8,4,3,11,11
2018,"1","22",85,82,13,11,8,11,2,4,11,13
2018,"1","23",93,84,10,11,9,10,0,0,9,13
2018,"1","24",81,81,14,11,10,10,3,4,13,12
2018,"1","25",87,79,10,11,8,11,1,3,10,12
2018,"1","26",101,86,7,14,20,10,5,3,9,11
2018,"1","27",79,77,6,13,5,9,4,3,9,10
2018,"1","28",37,46,8,11,10,8,0,0,19,9
2018,"1","29",69,82,9,10,9,10,0,0,8,12
2018,"1","30",78,80,13,11,13,10,3,4,7,12
2018,"1","31",72,77,12,11,7,11,4,3,10,12
2018,"2","1",77,81,5,10,16,11,2,4,12,15
2018,"2","2",135,90,10,12,17,10,6,3,12,13
2018,"2","3",94,84,9,13,8,10,4,4,9,11
2018,"2","4",48,52,10,10,5,9,2,3,10,11
2018,"2","5",89,92,9,10,10,12,4,4,15,14
2018,"2","6",94,96,12,12,8,10,3,4,14,15
2018,"2","7",105,93,14,10,8,11,2,4,4,15
2018,"2","8",97,91,11,11,5,11,3,4,11,14
2018,"2","9",102,99,11,12,8,10,2,4,8,14
2018,"2","10",86,85,10,13,16,9,1,4,7,11
2018,"2","11",43,53,6,11,10,9,3,3,4,10
2018,"2","12",87,92,8,10,20,11,15,4,27,13
2018,"2","13",117,97,10,11,15,10,4,4,12,15
2018,"2","14",102,95,14,11,8,10,5,5,13,14
2018,"2","15",96,92,10,11,10,12,4,4,11,15
2018,"2","16",104,100,11,12,10,11,3,4,12,15
2018,"2","17",101,87,13,12,9,10,8,4,11,12
2018,"2","18",47,55,10,10,10,8,4,4,9,11
2018,"2","19",106,96,8,11,9,11,1,4,10,14
2018,"2","20",90,98,14,13,9,10,3,4,6,14
2018,"2","21",85,93,6,11,18,10,2,4,17,13
2018,"2","22",88,91,13,12,12,11,6,4,17,15
2018,"2","23",104,98,13,11,20,10,3,4,4,14
2018,"2","24",71,85,7,15,9,10,6,4,12,11
2018,"2","25",57,51,6,10,8,9,3,3,8,11
2018,"2","26",90,90,9,11,15,11,1,4,12,14
2018,"2","27",75,94,5,12,4,12,1,4,7,14
2018,"2","28",92,86,9,10,8,10,3,4,11,14
2018,"3","1",101,87,14,10,10,12,10,4,13,14
2018,"3","2",99,98,9,11,5,11,4,4,11,13
2018,"3","3",96,84,17,12,23,10,4,4,8,11
2018,"3","4",58,54,12,13,8,10,5,2,6,11
2018,"3","5",98,94,10,11,19,15,1,4,19,14
2018,"3","6",92,101,11,12,24,13,2,4,18,15
2018,"3","7",71,97,10,13,14,14,0,0,9,15
2018,"3","8",65,88,8,12,13,13,1,3,7,15
2018,"3","9",85,92,11,13,11,13,6,3,10,14
2018,"3","10",87,79,18,12,20,11,0,0,10,11
2018,"3","11",61,50,14,12,8,13,0,0,5,10
2018,"3","12",97,89,15,13,17,16,1,3,12,13
2018,"3","13",75,95,12,14,23,14,5,4,20,14
2018,"3","14",90,92,11,14,16,14,2,3,7,14
2018,"3","15",91,88,17,13,21,16,7,4,16,14
2018,"3","16",98,99,8,14,11,14,3,3,13,14
2018,"3","17",81,84,16,15,12,11,5,4,11,12
2018,"3","18",46,51,8,11,5,11,1,3,16,11
2018,"3","19",44,45,5,9,10,8,1,4,13,12
2018,"3","20",111,87,8,11,22,11,4,3,16,15
2018,"3","21",98,90,14,13,16,12,0,0,13,15
2018,"3","22",83,89,9,12,9,14,3,4,10,15
2018,"3","23",91,94,8,12,11,12,1,4,16,14
2018,"3","24",86,82,9,12,13,11,8,3,14,12
2018,"3","25",49,28,6,8,11,7,2,3,7,9
2018,"3","26",93,92,6,10,16,14,8,4,10,14
2018,"3","27",84,95,9,10,13,12,5,4,10,15
2018,"3","28",80,90,16,10,14,12,3,4,7,14
2018,"3","29",43,48,4,9,10,11,1,4,13,11
2018,"3","30",19,49,8,9,7,9,2,3,7,11
2018,"3","31",51,68,10,11,10,10,1,3,12,12
2018,"4","1",54,23,7,7,6,7,3,3,8,8
2018,"4","2",108,77,10,10,8,12,4,4,13,13
2018,"4","3",93,85,15,11,6,9,4,4,14,13
2018,"4","4",75,84,11,10,18,10,5,4,9,13
2018,"4","5",104,83,13,12,14,12,1,3,13,13
2018,"4","6",107,97,12,13,13,12,0,0,12,13
2018,"4","7",93,86,8,15,6,10,0,0,8,11
2018,"4","8",54,52,12,11,11,9,4,3,14,10
2018,"4","9",97,94,10,13,11,13,6,4,14,13
2018,"4","10",103,97,8,11,17,11,6,4,16,13
2018,"4","11",88,96,8,11,10,10,3,4,13,13
2018,"4","12",76,91,15,10,19,11,3,4,15,14
2018,"4","13",85,97,11,13,11,13,4,3,13,13
2018,"4","14",70,81,12,13,18,10,4,4,5,11
2018,"4","15",43,49,7,11,6,10,2,3,6,10
2018,"4","16",99,86,14,10,17,13,3,4,14,12
2018,"4","17",78,92,10,12,13,12,4,3,10,13
2018,"4","18",83,86,15,12,10,12,1,4,6,13
2018,"4","19",87,83,14,12,8,12,8,4,8,13
2018,"4","20",90,92,16,12,10,10,1,4,8,12
2018,"4","21",90,80,9,13,13,11,2,4,7,10
2018,"4","22",64,50,8,12,9,9,8,3,10,9
2018,"4","23",116,92,16,11,15,11,3,4,9,12
2018,"4","24",54,99,9,13,9,12,1,4,7,12
2018,"4","25",102,88,15,12,10,11,0,0,13,12
2018,"4","26",85,88,5,13,15,12,7,4,24,13
2018,"4","27",101,99,12,12,15,10,7,4,7,13
2018,"4","28",92,83,9,13,12,10,6,4,10,11
2018,"4","29",49,52,5,11,6,9,1,3,15,10
2018,"4","30",85,91,11,9,11,12,1,4,13,14
2018,"5","1",32,52,7,9,10,9,1,4,8,12
2018,"5","2",93,82,15,10,11,11,6,3,23,16
2018,"5","3",90,84,16,10,15,12,2,4,18,16
2018,"5","4",76,94,15,13,14,12,3,3,19,16
2018,"5","5",74,79,11,14,22,11,0,0,10,14
2018,"5","6",43,49,7,12,6,10,5,2,6,13
2018,"5","7",75,85,2,10,20,13,2,4,16,15
2018,"5","8",86,91,17,13,12,12,5,4,13,16
2018,"5","9",81,86,9,10,14,14,6,3,14,15
2018,"5","10",88,85,12,11,16,12,2,4,17,16
2018,"5","11",124,95,13,13,11,13,4,3,11,16
2018,"5","12",101,85,9,13,7,11,3,4,11,13
2018,"5","13",66,54,9,11,14,8,5,3,8,12
2018,"5","14",42,49,11,10,8,9,4,4,11,12
2018,"5","15",105,91,12,11,11,11,7,4,16,15
2018,"5","16",86,92,11,11,8,11,4,4,13,15
2018,"5","17",85,89,10,11,9,11,4,4,8,16
2018,"5","18",107,94,12,12,8,11,4,4,5,15
2018,"5","19",106,83,14,13,11,10,3,4,8,12
2018,"5","20",46,53,3,11,6,10,4,3,14,11
2018,"5","21",83,95,10,9,7,11,6,4,11,14
2018,"5","22",122,94,11,10,17,10,2,4,8,15
2018,"5","23",104,97,10,12,11,11,6,4,14,14
2018,"5","24",86,96,8,11,14,12,5,4,15,15
2018,"5","25",105,102,13,12,17,11,2,4,12,15
2018,"5","26",79,88,14,14,20,12,4,4,11,12
2018,"5","27",59,54,7,12,9,11,3,3,7,12
2018,"5","28",95,95,11,11,12,14,6,4,15,15
2018,"5","29",88,97,7,12,8,11,8,4,11,15
2018,"5","30",93,91,9,11,15,11,6,4,14,15
2018,"5","31",68,91,10,11,9,12,2,4,10,16
2018,"6","1",92,93,9,12,14,10,5,4,14,13
2018,"6","2",92,81,14,13,9,8,3,4,22,11
2018,"6","3",57,51,10,9,9,9,5,3,12,11
2018,"6","4",49,45,5,8,10,7,5,4,16,11
2018,"6","5",88,87,8,10,10,9,4,4,13,16
2018,"6","6",79,84,15,10,7,10,3,4,16,15
2018,"6","7",87,83,9,10,9,11,3,4,17,15
2018,"6","8",89,92,23,12,12,9,2,4,15,14
2018,"6","9",99,79,14,13,11,11,4,3,7,12
2018,"6","10",54,50,7,11,7,9,2,3,9,11
2018,"6","11",50,45,10,9,14,7,4,4,11,11
2018,"6","12",104,88,15,12,14,10,4,3,15,14
2018,"6","13",102,89,14,12,21,12,6,4,12,13
2018,"6","14",76,90,8,14,13,13,3,4,16,14
2018,"6","15",89,95,11,12,10,12,5,4,13,14
2018,"6","16",81,80,12,13,8,9,5,4,4,12
2018,"6","17",59,49,9,11,13,8,3,3,9,10
2018,"6","18",87,91,10,11,6,12,6,4,8,13
2018,"6","19",73,91,11,11,11,10,2,4,6,13
2018,"6","20",93,86,10,11,11,10,2,4,10,13
2018,"6","21",86,85,16,11,7,11,1,4,13,13
2018,"6","22",99,94,15,11,9,11,9,3,17,13
2018,"6","23",99,82,11,13,16,9,7,4,20,11
2018,"6","24",65,53,15,11,10,8,3,3,8,11
2018,"6","25",93,94,13,12,18,12,3,4,13,14
2018,"6","26",62,98,7,14,18,11,1,4,10,15
2018,"6","27",82,89,10,12,9,12,1,3,15,14
2018,"6","28",73,85,9,11,15,12,6,4,12,14
2018,"6","29",79,92,5,12,7,11,3,3,18,14
2018,"6","30",67,77,14,12,13,9,3,4,19,12
2018,"7","1",50,48,2,9,2,9,4,2,10,12
2018,"7","2",49,42,13,7,7,7,4,4,12,12
2018,"7","3",74,85,12,10,15,9,7,3,19,16
2018,"7","4",96,83,14,10,11,10,1,4,16,15
2018,"7","5",69,84,11,10,4,11,1,4,14,15
2018,"7","6",76,89,9,12,9,9,5,3,5,15
2018,"7","7",70,76,11,13,10,8,4,4,5,12
2018,"7","8",30,47,12,11,8,8,7,3,12,10
2018,"7","9",95,85,7,9,16,11,1,4,12,14
2018,"7","10",78,91,4,12,9,10,4,4,13,14
2018,"7","11",98,86,12,10,2,10,0,0,9,14
2018,"7","12",86,85,14,11,6,10,1,4,16,14
2018,"7","13",93,96,14,12,10,10,5,4,12,14
2018,"7","14",76,83,12,13,6,9,5,3,16,12
2018,"7","15",45,51,10,9,9,8,0,0,2,11
2018,"7","16",107,89,14,10,16,11,2,4,13,14
2018,"7","17",97,97,9,12,18,11,1,4,9,14
2018,"7","18",86,94,10,13,12,11,6,3,9,14
2018,"7","19",111,90,12,11,11,11,3,4,20,14
2018,"7","20",53,57,7,9,10,8,9,4,7,11
2018,"7","21",85,81,13,11,12,9,6,3,21,12
2018,"7","22",44,51,4,10,7,9,4,3,9,12
2018,"7","23",112,89,11,9,12,11,4,4,13,15
2018,"7","24",84,96,13,11,18,11,7,4,17,15
2018,"7","25",77,93,7,11,14,11,4,4,6,15
2018,"7","26",88,86,9,11,23,11,6,4,22,14
2018,"7","27",88,100,12,12,17,12,6,3,14,16
2018,"7","28",83,84,11,13,15,11,4,4,6,12
2018,"7","29",43,51,7,11,10,10,3,3,12,11
2018,"7","30",101,90,13,10,13,12,6,4,17,15
2018,"7","31",66,96,12,10,18,11,5,4,13,15
2018,"8","1",83,89,13,11,15,14,5,4,11,15
2018,"8","2",84,85,11,12,12,14,6,4,9,15
2018,"8","3",114,94,9,12,16,13,1,4,14,14
2018,"8","4",108,85,23,14,6,12,2,4,10,12
2018,"8","5",49,53,9,11,7,12,4,3,5,11
2018,"8","6",85,93,11,11,16,13,3,4,9,14
2018,"8","7",50,54,6,9,7,10,4,4,11,11
2018,"8","8",106,86,11,11,6,12,1,3,13,14
2018,"8","9",89,87,10,11,3,12,2,4,13,14
2018,"8","10",104,95,13,12,17,11,2,3,11,14
2018,"8","11",106,84,14,13,19,11,2,3,10,12
2018,"8","12",54,54,11,11,6,11,1,3,10,11
2018,"8","13",96,94,12,10,16,14,1,4,15,14
2018,"8","14",102,100,4,12,17,13,3,3,18,15
2018,"8","15",112,98,15,12,11,14,7,3,15,15
2018,"8","16",107,96,8,11,16,14,2,4,11,15
2018,"8","17",98,107,12,13,19,13,0,0,5,14
2018,"8","18",94,90,12,14,17,13,1,3,10,12
2018,"8","19",46,56,6,11,12,12,1,2,5,11
2018,"8","20",51,47,5,9,15,10,2,4,11,11
2018,"8","21",105,92,10,11,12,13,0,0,11,14
2018,"8","22",92,90,7,11,10,14,0,0,7,14
2018,"8","23",88,87,12,11,6,13,5,4,12,14
2018,"8","24",111,95,11,10,25,12,11,4,23,14
2018,"8","25",84,88,12,12,7,11,2,4,9,12
2018,"8","26",46,52,15,10,7,11,2,3,6,11
2018,"8","27",104,92,16,10,20,13,2,3,22,15
2018,"8","28",78,100,8,12,9,14,1,4,6,16
2018,"8","29",98,90,8,11,11,13,5,4,14,14
2018,"8","30",84,90,8,11,13,12,4,4,5,15
2018,"8","31",88,97,10,13,14,13,5,4,8,14
2018,"9","1",82,82,15,13,8,11,6,3,11,11
2018,"9","2",50,51,11,10,6,10,1,3,8,10
2018,"9","3",85,89,11,10,10,13,0,0,12,13
2018,"9","4",103,92,12,11,19,11,3,4,19,14
2018,"9","5",95,93,8,12,16,13,3,3,17,15
2018,"9","6",88,91,12,12,15,13,1,4,6,15
2018,"9","7",109,98,10,14,8,13,8,3,17,14
2018,"9","8",87,86,13,12,13,10,4,4,18,12
2018,"9","9",59,54,9,10,8,10,1,3,6,12
2018,"9","10",74,94,7,11,11,14,6,4,8,14
2018,"9","11",99,94,15,11,9,11,2,4,10,15
2018,"9","12",84,91,9,11,15,13,8,4,14,14
2018,"9","13",81,89,11,11,12,12,7,4,13,14
2018,"9","14",105,95,17,12,10,13,1,4,19,14
2018,"9","15",96,84,12,14,15,10,2,4,13,12
2018,"9","16",47,53,9,11,7,10,2,3,5,11
2018,"9","17",110,92,12,10,13,14,1,4,11,14
2018,"9","18",92,98,13,12,6,12,6,4,13,14
2018,"9","19",85,93,22,11,11,11,5,4,7,14
2018,"9","20",75,90,6,12,10,13,3,4,19,14
2018,"9","21",99,97,18,12,11,12,1,3,7,14
2018,"9","22",91,82,10,15,18,12,2,3,4,11
2018,"9","23",61,52,7,12,5,10,2,3,7,10
2018,"9","24",74,92,5,11,9,13,4,4,20,13
2018,"9","25",113,93,8,11,3,11,6,4,14,14
2018,"9","26",84,92,6,9,2,10,8,4,17,14
2018,"9","27",110,89,7,9,10,10,9,4,18,16
2018,"9","28",131,102,18,11,4,10,8,5,13,15
2018,"9","29",92,91,10,12,12,10,2,5,15,12
2018,"9","30",45,56,9,10,2,8,5,3,8,12
2018,"10","1",87,95,8,9,12,11,16,5,7,14
2018,"10","2",90,97,6,11,12,9,8,6,12,14
2018,"10","3",92,93,10,10,13,11,6,6,7,14
2018,"10","4",99,90,14,11,12,11,9,5,13,14
2018,"10","5",101,99,12,11,16,10,6,5,11,13
2018,"10","6",80,86,8,13,13,11,4,5,10,11
2018,"10","7",59,52,11,10,4,9,1,4,5,11
2018,"10","8",82,92,6,10,12,13,5,5,14,13
2018,"10","9",97,95,10,11,9,10,7,4,9,14
2018,"10","10",82,91,5,10,14,10,7,5,10,14
2018,"10","11",89,88,10,10,13,10,3,4,12,14
2018,"10","12",107,96,21,12,6,11,1,4,8,13
2018,"10","13",81,84,13,13,5,11,4,4,8,11
2018,"10","14",45,51,5,10,6,8,4,3,10,10
2018,"10","15",43,45,8,8,5,7,2,4,7,11
2018,"10","16",90,85,7,10,13,10,3,3,12,14
2018,"10","17",98,85,9,11,11,10,2,3,11,14
2018,"10","18",80,86,11,12,16,12,4,4,17,14
2018,"10","19",87,94,13,12,17,11,2,3,8,14
2018,"10","20",98,80,8,12,15,11,3,3,7,12
2018,"10","21",46,51,6,11,9,9,1,3,4,10
2018,"10","22",83,91,17,9,11,13,2,4,8,13
2018,"10","23",87,92,10,11,7,12,2,3,15,13
2018,"10","24",91,89,16,10,13,11,1,4,12,13
2018,"10","25",98,88,9,12,10,12,3,3,15,14
2018,"10","26",81,98,14,12,15,11,10,3,16,14
2018,"10","27",88,83,10,13,11,9,3,3,14,12
2018,"10","28",50,51,9,11,6,9,2,3,4,11
2018,"10","29",97,90,10,10,14,12,3,4,12,14
2018,"10","30",119,95,12,12,18,11,5,4,25,14
2018,"10","31",114,98,10,11,8,11,6,4,18,15
2018,"11","1",90,96,15,11,7,12,3,5,15,14
2018,"11","2",97,103,8,12,13,11,6,4,13,14
2018,"11","3",97,89,8,13,13,10,5,4,22,12
2018,"11","4",53,56,9,11,3,9,1,3,8,11
2018,"11","5",54,47,5,8,7,8,4,4,5,11
2018,"11","6",127,90,13,10,9,10,4,4,11,14
2018,"11","7",89,93,10,10,3,11,2,4,10,13
2018,"11","8",83,89,13,10,13,11,3,4,8,13
2018,"11","9",89,97,7,12,13,11,5,3,12,12
2018,"11","10",82,83,6,12,4,10,6,4,3,11
2018,"11","11",49,50,10,9,6,8,3,3,3,9
2018,"11","12",45,45,13,8,10,8,3,4,5,9
2018,"11","13",136,86,10,11,6,11,5,3,7,12
2018,"11","14",92,90,10,11,8,11,8,5,10,11
2018,"11","15",87,89,10,10,10,10,4,4,5,13
2018,"11","16",119,96,9,11,6,11,1,4,6,11
2018,"11","17",98,86,9,13,9,10,3,4,8,10
2018,"11","18",57,54,10,11,6,8,0,0,5,9
2018,"11","19",103,97,13,10,12,13,4,4,15,12
2018,"11","20",109,101,9,11,12,11,8,4,9,13
2018,"11","21",92,98,15,11,10,11,3,4,8,12
2018,"11","22",87,94,4,11,14,11,1,4,5,13
2018,"11","23",105,100,12,13,11,11,5,3,13,12
2018,"11","24",97,87,11,12,7,10,3,4,12,10
2018,"11","25",54,54,8,10,6,9,1,3,11,10
2018,"11","26",85,95,10,10,11,12,6,4,16,13
2018,"11","27",82,96,7,10,13,11,7,4,15,14
2018,"11","28",88,91,11,10,8,11,2,4,18,14
2018,"11","29",71,88,8,10,15,11,4,4,9,15
2018,"11","30",32,94,4,13,6,11,4,3,11,13
2018,"12","1",97,71,11,11,14,9,1,3,13,11
2018,"12","2",59,47,8,11,6,9,4,3,9,10
2018,"12","3",108,86,10,9,12,11,2,4,10,13
2018,"12","4",102,92,7,11,15,10,6,4,13,13
2018,"12","5",106,91,8,11,9,11,1,4,8,13
2018,"12","6",127,90,10,10,8,11,2,4,11,13
2018,"12","7",104,107,11,12,4,10,4,4,5,12
2018,"12","8",58,49,10,10,9,7,6,4,5,8
2018,"12","9",50,52,16,10,6,8,3,3,8,9
2018,"12","10",103,91,9,10,9,12,2,4,17,12
2018,"12","11",96,96,7,11,14,10,3,4,10,13
2018,"12","12",116,92,16,11,18,10,12,4,17,13
2018,"12","13",113,93,10,12,6,11,6,5,6,13
2018,"12","14",95,101,10,12,5,10,4,5,7,12
2018,"12","15",81,87,7,13,10,9,3,4,7,10
2018,"12","16",61,53,17,10,7,8,2,3,14,10
2018,"12","17",77,95,10,10,13,12,4,4,13,12
2018,"12","18",104,95,6,12,8,10,2,4,10,13
2018,"12","19",85,91,18,11,4,10,3,4,10,13
2018,"12","20",103,86,14,11,12,11,4,4,11,13
2018,"12","21",113,98,10,13,5,10,5,3,8,13
2018,"12","22",81,85,14,14,11,9,7,4,8,10
2018,"12","23",69,52,12,11,9,8,2,3,5,10
2018,"12","24",87,95,14,12,7,10,7,4,9,12
2018,"12","25",48,53,18,10,3,8,2,4,8,10
2018,"12","26",87,84,13,12,8,10,4,4,9,12
2018,"12","27",81,83,13,12,3,10,2,4,10,13
2018,"12","28",92,89,6,13,7,10,1,4,7,12
2018,"12","29",64,78,17,14,4,8,4,4,8,10
2018,"12","30",38,46,6,10,7,8,2,3,11,10
2018,"12","31",55,83,8,10,6,9,2,4,11,13
